SEGMENTO,AREA / TRASLADO,CAMPAÑA,GRUPO DE CAPACITACION,SEMANA,MODALIDAD,CONDICION LABORAL,ESTADO,FECHA DE INICIO,PERIODO,RANGO HORARIO,Extensión Teoria,FECHA INICIO OJT,Extensión Ojt,FECHA INGRESO OP.,RQ SOLICITADO,RQ FTES SOLICITADO,META DIA 0,META DIA 1,PERIODO INGRESO OP.,,,,
CLARO PERU RETENCIONES,RECLUTAMIENTO,CONTACTADOS,GPE-2024-033,SEM 40,REMOTO,FULL TIME,CERRADO,4/10/2024,202410,10:00-22:00,,,,22/10/2024,"18,0","18,0",45,30,202410,RYS 202410,,,
CLARO PERU RETENCIONES,RECLUTAMIENTO,CONTACTADOS,GPE-2024-034,SEM 40,REMOTO,FULL TIME,CERRADO,4/10/2024,202410,10:00-22:00,,,,22/10/2024,"18,0","18,0",45,30,202410,RYS 202410,,,
CLARO PERU OUT,RECLUTAMIENTO,MIGRACIONES ESPECIALES - OUT,GPE-2024-063,SEM 40,REMOTO,FULL TIME,CERRADO,4/10/2024,202410,09:00-18:00,,,,18/10/2024,"9,0","9,0",30,18,202410,RYS 202410,,,
CLARO PERU OUT,RECLUTAMIENTO,MIGRACIONES ESPECIALES - OUT,GPE-2024-064,SEM 40,REMOTO,FULL TIME,CERRADO,4/10/2024,202410,09:00-18:00,,,,18/10/2024,"9,0","9,0",30,18,202410,RYS 202410,,,
CLARO PERU RETENCIONES,RECLUTAMIENTO,CONSULTA PREVIA,,SEM 40,REMOTO,FULL TIME,CERRADO,4/10/2024,202410,09:00-22:00,,,,26/10/2024,"7,0","7,0",17,11,202410,RYS 202410,,,
CLARO CHILE,RECLUTAMIENTO,POSTPAGO,,SEM 41,PRESENCIAL,FULL TIME,CERRADO,10/10/2024,202410,12:00-23:00,,,,25/10/2024,"11,0","11,0",27,18,202410,RYS 202410,,,
CLARO PERU OUT,RECLUTAMIENTO,RENOVACIONES ESPECIALES - WSP,GPE-2024-011,SEM 41,REMOTO,FULL TIME,CERRADO,10/10/2024,202410,09:00-18:00,,,,24/10/2024,"13,0","13,0",43,26,202410,RYS 202410,,,
CLARO PERU OUT,RECLUTAMIENTO,RENOVACIONES ESPECIALES - WSP,GPE-2024-012,SEM 41,REMOTO,FULL TIME,CERRADO,10/10/2024,202410,09:00-18:00,,,,24/10/2024,"13,0","13,0",43,26,202410,RYS 202410,,,
CLARO PERU RETENCIONES,RECLUTAMIENTO,CONTACTADOS,GPE-2024-035,SEM 41,PRESENCIAL,FULL TIME,CERRADO,11/10/2024,202410,10:00-22:00,,,,26/10/2024,"18,0","18,0",45,30,202410,RYS 202410,,,
CLARO PERU RETENCIONES,RECLUTAMIENTO,CONSULTA PREVIA,GPE-2024-017,SEM 41,PRESENCIAL,FULL TIME,CERRADO,12/10/2024,202410,09:00-22:00,,,,28/10/2024,"10,0","10,0",25,16,202410,RYS 202410,,,
CLARO PERU RETENCIONES,RECLUTAMIENTO,RETENCIONES INBOUND,,SEM 42,REMOTO,FULL TIME,CERRADO,16/10/2024,202410,12:00-21:00,,,,1/11/2024,"13,0","13,0",32,21,202411,RYS 202410,,,
CLARO PERU RETENCIONES,RECLUTAMIENTO,RETENCIONES INBOUND,,SEM 42,REMOTO,FULL TIME,CERRADO,16/10/2024,202410,12:00-21:00,,,,1/11/2024,"13,0","13,0",32,21,202411,RYS 202410,,,
CLARO PERU OUT,RECLUTAMIENTO,RENOVACIONES ESPECIALES - OUT,GPE-2024-077,SEM 42,REMOTO,FULL TIME,CERRADO,16/10/2024,202410,09:00-18:00,,,,30/10/2024,"15,0","15,0",50,30,202410,RYS 202410,,,
CLARO CHILE,RECLUTAMIENTO,POSTPAGO,,SEM 42,PRESENCIAL,FULL TIME,CERRADO,17/10/2024,202410,08:00-19:00,,,,1/11/2024,"14,0","14,0",35,23,202411,RYS 202410,,,
CLARO PERU OUT,RECLUTAMIENTO,PORTABILIDAD - OUT,,SEM 42,REMOTO,FULL TIME,CERRADO,19/10/2024,202410,09:00-18:00,,,,2/11/2024,"21,0","21,0",70,42,202411,RYS 202410,,,
CLARO PERU RETENCIONES,RECLUTAMIENTO,CONTACTADOS,GPE-2024-037,SEM 42,PRESENCIAL,FULL TIME,CERRADO,19/10/2024,202410,10:00-22:00,,,,5/11/2024,"18,0","18,0",45,30,202411,RYS 202410,,,
CLARO PERU OUT,RECLUTAMIENTO,OLAS,GPE-2024-003,SEM 43,PRESENCIAL,FULL TIME,CERRADO,23/10/2024,202410,09:00-18:00,,,,11/11/2024,"10,0","10,0",33,20,202411,RYS 202410,,,
CLARO CHILE,RECLUTAMIENTO,POSTPAGO,,SEM 43,PRESENCIAL,FULL TIME,CERRADO,24/10/2024,202410,08:00-19:00,,,,8/11/2024,"8,0","8,0",20,13,202411,RYS 202410,,,
CLARO PERU RETENCIONES,RECLUTAMIENTO,RETENCIONES INBOUND,,SEM 43,PRESENCIAL,FULL TIME,CERRADO,25/10/2024,202410,12:00-21:00,,,,16/11/2024,"13,0","13,0",32,21,202411,RYS 202410,,,
CLARO PERU RETENCIONES,RECLUTAMIENTO,CONTACTADOS,GPE-2024-038,SEM 43,REMOTO,FULL TIME,CERRADO,25/10/2024,202410,10:00-22:00,,,,11/11/2024,"20,0","20,0",50,33,202411,RYS 202410,,,
CLARO PERU RETENCIONES,RECLUTAMIENTO,CONTACTADOS,GPE-2024-039,SEM 43,REMOTO,FULL TIME,CERRADO,25/10/2024,202410,10:00-22:00,,,,11/11/2024,"20,0","20,0",50,33,202411,RYS 202410,,,
CLARO CHILE,RECLUTAMIENTO,TUVES,GPE-2024-902,SEM 43,PRESENCIAL,FULL TIME,CERRADO,25/10/2024,202410,07:00-16:00,,,,1/11/2024,"12,0","12,0",30,20,202411,RYS 202410,,,
-,RECLUTAMIENTO,ENCUESTAS IZO,,SEM 43,PRESENCIAL,FULL TIME,CERRADO,26/10/2024,202410,09:00-19:30,,,,29/10/2024,"5,0","5,0",12,8,202410,RYS 202410,,,
CLARO PERU OUT,RECLUTAMIENTO,PORTABILIDAD - OUT,,SEM 44,REMOTO,FULL TIME,CERRADO,30/10/2024,202410,09:00-18:00,,,,13/11/2024,"21,0","21,0",70,42,202411,RYS 202410,,,
LIPIGAS,RECLUTAMIENTO,LIPIGAS TPE,,SEM 44,REMOTO,FULL TIME,CERRADO,31/10/2024,202410,11:00-20:30,,,,19/11/2024,"17,0","17,0",85,42,202411,RYS 202410,,,
CLARO PERU OUT,RECLUTAMIENTO,UPGRADE,,SEM 44,REMOTO,FULL TIME,CERRADO,31/10/2024,202410,09:00-18:00,,,,14/11/2024,"14,0","14,0",46,28,202411,RYS 202410,,,
CLARO PERU OUT,RECLUTAMIENTO,UPGRADE,,SEM 44,REMOTO,FULL TIME,CERRADO,31/10/2024,202410,09:00-18:00,,,,14/11/2024,"14,0","14,0",46,28,202411,RYS 202410,,,
CLARO PERU RETENCIONES,RECLUTAMIENTO,RETENCIONES INBOUND,GPE-2024-042,SEM 45,PRESENCIAL,FULL TIME,CERRADO,4/11/2024,202411,12:00-21:00,,,,20/11/2024,"14,0","14,0",35,23,202411,RYS 202411,,,
CLARO PERU RETENCIONES,RECLUTAMIENTO,CONTACTADOS,,SEM 45,REMOTO,FULL TIME,CERRADO,5/11/2024,202411,10:00-22:00,,,,21/11/2024,"15,0","15,0",37,25,202411,RYS 202411,,,
CLARO PERU OUT,RECLUTAMIENTO,MIGRACIONES ESPECIALES - OUT,,SEM 45,REMOTO,FULL TIME,CERRADO,5/11/2024,202411,09:00-18:00,,,,18/11/2024,"10,0","10,0",33,20,202411,RYS 202411,,,
CLARO CHILE,RECLUTAMIENTO,POSTPAGO,,SEM 45,PRESENCIAL,FULL TIME,CERRADO,6/11/2024,202411,09:00-19:00,,,,25/11/2024,"16,0","16,0",40,26,202411,RYS 202411,,,
CLARO PERU OUT,RECLUTAMIENTO,RENOVACIONES ESPECIALES - OUT,,SEM 45,REMOTO,FULL TIME,CERRADO,7/11/2024,202411,09:00-18:00,,,,21/11/2024,"8,0","8,0",26,16,202411,RYS 202411,,,
CLARO PERU RETENCIONES,RECLUTAMIENTO,RETENCIONES INBOUND,GPE-2024-044,SEM 45,REMOTO,FULL TIME,CERRADO,8/11/2024,202411,12:00-22:00,,,,25/11/2024,"11,0","11,0",27,18,202411,RYS 202411,,,
CLARO PERU RETENCIONES,RECLUTAMIENTO,CONSULTA PREVIA,,SEM 45,REMOTO,FULL TIME,CERRADO,9/11/2024,202411,,,,,30/11/2024,"10,0","9,5",23,15,202411,RYS 202411,,,
CLARO PERU RETENCIONES,RECLUTAMIENTO,CONTACTADOS,,SEM 45,REMOTO,FULL TIME,CERRADO,9/11/2024,202411,10:00-22:00,,,,26/11/2024,"40,0","40,0",100,66,202411,RYS 202411,,,
CLARO PERU OUT,RECLUTAMIENTO,PORTABILIDAD - OUT,,SEM 46,REMOTO,FULL TIME,CERRADO,12/11/2024,202411,09:00-18:00,,,,25/11/2024,"15,0","15,0",50,30,202411,RYS 202411,,,
CLARO CHILE,RECLUTAMIENTO,POSTPAGO,,SEM 46,PRESENCIAL,FULL TIME,CERRADO,12/11/2024,202411,12:00-23:00,,,,30/11/2024,"16,0","16,0",40,26,202411,RYS 202411,,,
CLARO PERU RETENCIONES,RECLUTAMIENTO,CONSULTA PREVIA,,SEM 46,REMOTO,FULL TIME,CERRADO,13/11/2024,202411,09:00-22:00,,,,4/12/2024,"12,0","12,0",30,20,202412,RYS 202411,,,
CLARO PERU RETENCIONES,RECLUTAMIENTO,CONTACTADOS,,SEM 46,REMOTO,FULL TIME,CERRADO,15/11/2024,202411,10:00-22:00,,,,2/12/2024,"18,0","18,0",45,30,202412,RYS 202411,,,
LIPIGAS,RECLUTAMIENTO,LIPIGAS SAC,,SEM 46,REMOTO,FULL TIME,CERRADO,15/11/2024,202411,,,,,4/12/2024,"14,0","14,0",70,35,202412,RYS 202411,,,
CLARO PERU OUT,RECLUTAMIENTO,UPGRADE,,SEM 46,REMOTO,FULL TIME,CERRADO,16/11/2024,202411,09:00-18:00,,,,29/11/2024,"18,0","18,0",60,36,202411,RYS 202411,,,
CLARO CHILE,RECLUTAMIENTO,POSTPAGO,GPE-2024-902,SEM 46,PRESENCIAL,FULL TIME,CERRADO,16/11/2024,202411,09:00-18:00,,,,5/12/2024,"22,0","22,0",55,36,202412,RYS 202411,,,
CLARO PERU OUT,RECLUTAMIENTO,RENOVACIONES ESPECIALES - OUT,,SEM 46,REMOTO,FULL TIME,CERRADO,16/11/2024,202411,09:00-18:00,,,,30/11/2024,"18,0","18,0",60,36,202411,RYS 202411,,,
CLARO PERU OUT,RECLUTAMIENTO,PORTABILIDAD - OUT,GPE-2024-005,SEM 47,REMOTO,FULL TIME,CERRADO,20/11/2024,202411,09:00-18:00,,,,3/12/2024,"16,0","16,0",53,32,202412,RYS 202411,,,
CLARO CHILE,RECLUTAMIENTO,TUVES,,SEM 47,PRESENCIAL,FULL TIME,CERRADO,20/11/2024,202411,09:00-18:00,,,,27/11/2024,"11,0","11,0",27,18,202411,RYS 202411,,,
CLARO CHILE,RECLUTAMIENTO,POSTPAGO,GPE-2024-903,SEM 47,PRESENCIAL,FULL TIME,CERRADO,22/11/2024,202411,,,,,12/12/2024,"16,0","16,0",40,26,202412,RYS 202411,,,
CLARO PERU OUT,RECLUTAMIENTO,RENOVACIONES ESPECIALES - OUT,,SEM 47,REMOTO,FULL TIME,CERRADO,23/11/2024,202411,09:00-18:00,,,,7/12/2024,"10,0","10,0",33,20,202412,RYS 202411,,,
LIPIGAS,RECLUTAMIENTO,LIPIGAS SAC,,SEM 47,REMOTO,FULL TIME,CERRADO,23/11/2024,202411,09:00-19:00,,,,13/12/2024,"6,0","6,0",30,15,202412,RYS 202411,,,
CLARO PERU OUT,RECLUTAMIENTO,RENOVACIONES ESPECIALES - WSP,,SEM 47,REMOTO,FULL TIME,CERRADO,23/11/2024,202411,,,,,7/12/2024,"10,0","10,0",33,20,202412,RYS 202411,,,
CLARO CHILE,RECLUTAMIENTO,POSTPAGO,GPE-2024-904,SEM 48,PRESENCIAL,FULL TIME,CERRADO,27/11/2024,202411,,,,,17/12/2024,"20,0","20,0",50,33,202412,RYS 202411,,,
CLARO PERU OUT,RECLUTAMIENTO,RENOVACIONES ESPECIALES - OUT,,SEM 48,REMOTO,FULL TIME,CERRADO,27/11/2024,202411,09:00-18:00,,,,7/12/2024,"6,0","6,0",20,12,202412,RYS 202411,,,
CLARO PERU RETENCIONES,RECLUTAMIENTO,CONTACTADOS,,SEM 48,REMOTO,FULL TIME,CERRADO,29/11/2024,202411,07:00-18:00,,,,17/12/2024,"22,0","22,0",55,36,202412,RYS 202411,,,
LIPIGAS,RECLUTAMIENTO,LIPIGAS SAC,,SEM 48,REMOTO,FULL TIME,CERRADO,30/11/2024,202411,09:00-18:00,,,,19/12/2024,"9,0","9,0",45,22,202412,RYS 202411,,,
CLARO CHILE,RECLUTAMIENTO,TUVES,,SEM 48,PRESENCIAL,FULL TIME,CERRADO,30/11/2024,202411,,,,,7/12/2024,"14,0","14,0",35,23,202412,RYS 202411,,,
CLARO PERU RETENCIONES,RECLUTAMIENTO,RETENCIONES INBOUND,GPE-2024-045,SEM 49,REMOTO,FULL TIME,CERRADO,3/12/2024,202412,10:00-22:00,,,,24/12/2024,"30,0","30,0",75,50,202412,RYS 202412,,,
CLARO PERU OUT,RECLUTAMIENTO,PORTABILIDAD - OUT,,SEM 49,REMOTO,FULL TIME,CERRADO,4/12/2024,202412,10:00-22:00,,,,18/12/2024,"10,0","10,0",33,20,202412,RYS 202412,,,
CLARO PERU OUT,RECLUTAMIENTO,RENOVACIONES ESPECIALES - WSP,,SEM 49,REMOTO,FULL TIME,CERRADO,4/12/2024,202412,09:00-18:00,,,,26/12/2024,"15,0","15,0",50,30,202412,RYS 202412,,,
CLARO CHILE,RECLUTAMIENTO,POSTPAGO,,SEM 49,PRESENCIAL,FULL TIME,CERRADO,5/12/2024,202412,09:00-18:00,,,,26/12/2024,"14,0","14,0",35,23,202412,RYS 202412,,,
CLARO PERU RETENCIONES,RECLUTAMIENTO,CONTACTADOS,,SEM 49,PRESENCIAL,FULL TIME,CERRADO,6/12/2024,202412,09:00-19:00,,,,26/12/2024,"13,0","13,0",32,21,202412,RYS 202412,,,
LIPIGAS,RECLUTAMIENTO,LIPIGAS SAC,,SEM 49,,FULL TIME,CERRADO,7/12/2024,202412,,,,,28/12/2024,"8,0","8,0",40,20,202412,RYS 202412,,,
CLARO CHILE,RECLUTAMIENTO,POSTPAGO,,SEM 50,PRESENCIAL,FULL TIME,CERRADO,9/12/2024,202412,,,,,28/12/2024,"10,0","10,0",25,16,202412,RYS 202412,,,
CLARO PERU OUT,RECLUTAMIENTO,PORTABILIDAD - OUT,,SEM 50,REMOTO,FULL TIME,CERRADO,11/12/2024,202412,09:00-19:00,,,,24/12/2024,"15,0","15,0",50,30,202412,RYS 202412,,,
CLARO CHILE,RECLUTAMIENTO,POSTPAGO,,SEM 50,PRESENCIAL,FULL TIME,CERRADO,12/12/2024,202412,09:00-18:00,,,,2/01/2025,"14,0","14,0",35,23,202501,RYS 202412,,,
CLARO PERU RETENCIONES,RECLUTAMIENTO,CONTACTADOS,,SEM 50,PRESENCIAL,FULL TIME,CERRADO,13/12/2024,202412,09:00-19:00,,,,31/12/2024,"13,0","13,0",32,21,202412,RYS 202412,,,
CLARO PERU OUT,RECLUTAMIENTO,RENOVACIONES ESPECIALES - WSP,,SEM 50,REMOTO,FULL TIME,CERRADO,14/12/2024,202412,09:00-18:00,,,,30/12/2024,"15,0","15,0",50,30,202412,RYS 202412,,,
LIPIGAS,RECLUTAMIENTO,LIPIGAS TPE,,SEM 51,REMOTO,FULL TIME,CERRADO,17/12/2024,202412,,,,,27/12/2024,"8,0","8,0",40,20,202412,RYS 202412,,,
CLARO PERU RETENCIONES,RECLUTAMIENTO,CONSULTA PREVIA,,SEM 51,REMOTO,FULL TIME,CERRADO,17/12/2024,202412,09:00-18:00,,,,9/01/2025,"8,0","8,0",20,13,202501,RYS 202412,,,
CLARO CHILE,RECLUTAMIENTO,TUVES,,SEM 51,PRESENCIAL,FULL TIME,CERRADO,18/12/2024,202412,09:00-22:00,,,,26/12/2024,"6,0","6,0",15,10,202412,RYS 202412,,,
CLARO CHILE,RECLUTAMIENTO,POSTPAGO,,SEM 51,PRESENCIAL,FULL TIME,CERRADO,20/12/2024,202412,10:00-22:00,,,,10/01/2025,"16,0","16,0",40,26,202501,RYS 202412,,,
CLARO PERU RETENCIONES,RECLUTAMIENTO,CONTACTADOS,,SEM 51,REMOTO,FULL TIME,CERRADO,20/12/2024,202412,07:00-18:00,,,,8/01/2025,"14,0","14,0",35,23,202501,RYS 202412,,,
CLARO PERU OUT,RECLUTAMIENTO,MIGRACIONES ESPECIALES - OUT,,SEM 51,REMOTO,FULL TIME,CERRADO,20/12/2024,202412,09:00-18:00,,,,4/01/2025,"16,0","16,0",53,32,202501,RYS 202412,,,
LIPIGAS,RECLUTAMIENTO,LIPIGAS TPE,,SEM 52,REMOTO,FULL TIME,CERRADO,23/12/2024,202412,,,,,3/01/2025,"15,0","15,0",75,37,202501,RYS 202412,,,
CLARO PERU RETENCIONES,RECLUTAMIENTO,RETENCIONES INBOUND,,SEM 52,PRESENCIAL,FULL TIME,CERRADO,27/12/2024,202412,09:00-18:00,,,,21/01/2025,"12,0","12,0",30,20,202501,RYS 202412,,,
CLARO PERU OUT,RECLUTAMIENTO,RENOVACIONES ESPECIALES - OUT,,SEM 52,REMOTO,FULL TIME,CERRADO,27/12/2024,202412,09:00-18:00,,,,11/01/2025,"10,0","10,0",33,20,202501,RYS 202412,,,
CLARO PERU OUT,RECLUTAMIENTO,UPGRADE,,SEM 52,REMOTO,FULL TIME,CERRADO,28/12/2024,202412,09:00-18:00,,,,11/01/2025,"12,0","12,0",40,24,202501,RYS 202412,,,
CLARO CHILE,RECLUTAMIENTO,POSTPAGO,,SEM 52,PRESENCIAL,FULL TIME,CERRADO,28/12/2024,202412,,,,,17/01/2025,"8,0","8,0",20,13,202501,RYS 202412,,,
CLARO PERU RETENCIONES,RECLUTAMIENTO,CONTACTADOS,GPE-2025-006,SEM 1,REMOTO,FULL TIME,CERRADO,3/01/2025,202501,,,14/01/2025,,20/01/2025,"10,0","10,0",25,16,202501,RYS 202501,,,
CLARO PERU RETENCIONES,RECLUTAMIENTO,CONTACTADOS,GPE-2025-007,SEM 1,REMOTO,FULL TIME,CERRADO,3/01/2025,202501,,,14/01/2025,,20/01/2025,"7,0","7,0",17,11,202501,RYS 202501,,,
CLARO PERU OUT,RECLUTAMIENTO,PORTABILIDAD - OUT,GPE-2025-000,SEM 1,REMOTO,FULL TIME,CERRADO,3/01/2025,202501,,,11/01/2025,,17/01/2025,"15,0","15,0",50,30,202501,RYS 202501,,,
CLARO PERU OUT,RECLUTAMIENTO,RENOVACIONES ESPECIALES - OUT,,SEM 1,REMOTO,FULL TIME,CERRADO,4/01/2025,202501,,,14/01/2025,,20/01/2025,"10,0","10,0",33,20,202501,RYS 202501,,,
CLARO PERU RETENCIONES,RECLUTAMIENTO,RETENCIONES INBOUND,GPE-2025-003,SEM 1,PRESENCIAL,FULL TIME,CERRADO,4/01/2025,202501,,,15/01/2025,,21/01/2025,"12,0","12,0",30,20,202501,RYS 202501,,,
CLARO CHILE,RECLUTAMIENTO,POSTPAGO,,SEM 1,PRESENCIAL,FULL TIME,CERRADO,4/01/2025,202501,,,17/01/2025,,23/01/2025,"16,0","16,0",40,26,202501,RYS 202501,,,
LIPIGAS,RECLUTAMIENTO,LIPIGAS TPE,GPE-2025-146,SEM 1,,FULL TIME,CERRADO,4/01/2025,202501,,,14/01/2025,,14/01/2025,"10,0","10,0",50,25,202501,RYS 202501,,,
CLARO PERU RETENCIONES,RECLUTAMIENTO,CONSULTA PREVIA,GPE-2025-002,SEM 2,REMOTO,FULL TIME,CERRADO,10/01/2025,202501,,,27/01/2025,,31/01/2025,"8,0","8,0",20,13,202501,RYS 202501,,,
LIPIGAS,RECLUTAMIENTO,LIPIGAS TPE,GPE-2025-147,SEM 2,REMOTO,FULL TIME,CERRADO,10/01/2025,202501,,,20/01/2025,,20/01/2025,"20,0","20,0",100,50,202501,RYS 202501,,,
CLARO PERU RETENCIONES,RECLUTAMIENTO,RETENCIONES INBOUND,GPE-2025-004,SEM 2,PRESENCIAL,FULL TIME,CERRADO,11/01/2025,202501,,,22/01/2025,,28/01/2025,"13,0","13,0",32,21,202501,RYS 202501,,,
CLARO CHILE,RECLUTAMIENTO,POSTPAGO,GPE-2025-926,SEM 2,PRESENCIAL,FULL TIME,CERRADO,11/01/2025,202501,,,24/01/2025,,30/01/2025,"16,0","16,0",40,26,202501,RYS 202501,,,
LIPIGAS,RECLUTAMIENTO,LIPIGAS SAC,GPE-2025-148,SEM 2,PRESENCIAL,FULL TIME,CERRADO,11/01/2025,202501,,,30/01/2025,,30/01/2025,"10,0","10,0",50,25,202501,RYS 202501,,,
CLARO PERU OUT,RECLUTAMIENTO,RENOVACIONES ESPECIALES - OUT,,SEM 3,REMOTO,FULL TIME,CERRADO,13/01/2025,202501,,,22/01/2025,,28/01/2025,"10,0","10,0",33,20,202501,RYS 202501,,,
CLARO PERU OUT,RECLUTAMIENTO,UPGRADE,GPE-2025-006,SEM 3,REMOTO,FULL TIME,CERRADO,17/01/2025,202501,,,25/01/2025,,1/02/2025,"15,0","15,0",50,30,202502,RYS 202501,,,
CLARO PERU OUT,RECLUTAMIENTO,UPGRADE,GPE-2025-007,SEM 3,REMOTO,FULL TIME,CERRADO,17/01/2025,202501,,,25/01/2025,,1/02/2025,"10,0","10,0",33,20,202502,RYS 202501,,,
CLARO PERU RETENCIONES,RECLUTAMIENTO,CONTACTADOS,GPE-2025-008,SEM 3,REMOTO,FULL TIME,CERRADO,18/01/2025,202501,,,29/01/2025,,4/02/2025,"10,0","10,0",25,16,202502,RYS 202501,,,
CLARO CHILE,RECLUTAMIENTO,POSTPAGO,GPE-2025-929,SEM 3,PRESENCIAL,FULL TIME,CERRADO,18/01/2025,202501,,,31/01/2025,,6/02/2025,"10,0","10,0",25,16,202502,RYS 202501,,,
LIPIGAS,RECLUTAMIENTO,LIPIGAS TPE,GPE-2025-149,SEM 3,PRESENCIAL,FULL TIME,CERRADO,18/01/2025,202501,,,28/01/2025,,28/01/2025,"8,0","8,0",40,20,202501,RYS 202501,,,
CLARO PERU OUT,RECLUTAMIENTO,PORTABILIDAD - OUT,GPE-2025-001,SEM 4,REMOTO,FULL TIME,CERRADO,24/01/2025,202501,,,1/02/2025,,7/02/2025,"10,0","10,0",33,20,202502,RYS 202501,,,
CLARO PERU OUT,RECLUTAMIENTO,PORTABILIDAD - OUT,GPE-2025-002,SEM 4,PRESENCIAL,FULL TIME,CERRADO,24/01/2025,202501,,,1/02/2025,,7/02/2025,"15,0","15,0",50,30,202502,RYS 202501,,,
LIPIGAS,RECLUTAMIENTO,LIPIGAS TPE,GPE-2025-150,SEM 4,PRESENCIAL,FULL TIME,CERRADO,24/01/2025,202501,,,3/02/2025,,3/02/2025,"15,0","15,0",75,37,202502,RYS 202501,,,
CLARO PERU OUT,RECLUTAMIENTO,RENOVACIONES ESPECIALES - WSP,GPE-2025-005,SEM 4,REMOTO,FULL TIME,CERRADO,25/01/2025,202501,,,4/02/2025,,8/02/2025,"10,0","10,0",33,20,202502,RYS 202501,,,
CLARO CHILE,RECLUTAMIENTO,TUVES,GTE-2025-933,SEM 4,PRESENCIAL,FULL TIME,CERRADO,25/01/2025,202501,,,,,5/02/2025,"7,0","7,0",17,11,202502,RYS 202501,,,
CLARO CHILE,RECLUTAMIENTO,POSTPAGO,GPE-2025-931,SEM 4,PRESENCIAL,FULL TIME,CERRADO,25/01/2025,202501,,,7/02/2025,,13/02/2025,"10,0","10,0",25,16,202502,RYS 202501,,,
CLARO PERU OUT,RECLUTAMIENTO,UPGRADE,GPE-2025-008,SEM 5,PRESENCIAL,FULL TIME,CERRADO,31/01/2025,202501,,,8/02/2025,,15/02/2025,"6,0","6,0",20,12,202502,RYS 202501,,,
CLARO PERU RETENCIONES,RECLUTAMIENTO,CONTACTADOS,GPE-2025-009,SEM 5,REMOTO,FULL TIME,CERRADO,31/01/2025,202501,,,11/02/2025,,17/02/2025,"10,0","10,0",25,16,202502,RYS 202501,,,
CLARO PERU RETENCIONES,RECLUTAMIENTO,RETENCIONES INBOUND,GPE-2025-005,SEM 5,PRESENCIAL,FULL TIME,CERRADO,1/02/2025,202502,,,12/02/2025,,18/02/2025,"12,0","12,0",30,20,202502,RYS 202502,,,
CLARO CHILE,RECLUTAMIENTO,POSTPAGO,,SEM 5,PRESENCIAL,FULL TIME,CERRADO,1/02/2025,202502,,,14/02/2025,,20/02/2025,"10,0","10,0",25,16,202502,RYS 202502,,,
CLARO PERU OUT,RECLUTAMIENTO,MIGRACIONES ESPECIALES - OUT,GPE-2025-006,SEM 5,PRESENCIAL,FULL TIME,CERRADO,1/02/2025,202502,,,10/02/2025,,15/02/2025,"6,0","6,0",20,12,202502,RYS 202502,,,
LIPIGAS,RECLUTAMIENTO,LIPIGAS TPE,GPE-2025-151,SEM 5,PRESENCIAL,FULL TIME,CERRADO,1/02/2025,202502,,,11/02/2025,,11/02/2025,"10,0","10,0",50,25,202502,RYS 202502,,,
CLARO PERU OUT,RECLUTAMIENTO,MIGRACIONES ESPECIALES - OUT,GPE-2025-007,SEM 6,REMOTO,FULL TIME,CERRADO,7/02/2025,202502,,,15/02/2025,,21/02/2025,"12,0","12,0",40,24,202502,RYS 202502,,,
CLARO PERU OUT,RECLUTAMIENTO,PORTABILIDAD - OUT,GPE-2025-003,SEM 6,PRESENCIAL,FULL TIME,CERRADO,7/02/2025,202502,,,15/02/2025,,21/02/2025,"12,0","12,0",40,24,202502,RYS 202502,,,
CLARO PERU RETENCIONES,RECLUTAMIENTO,CONTACTADOS,GPE-2025-010,SEM 6,PRESENCIAL,FULL TIME,CERRADO,7/02/2025,202502,,,18/02/2025,,24/02/2025,"12,0","12,0",30,20,202502,RYS 202502,,,
LIPIGAS,RECLUTAMIENTO,LIPIGAS TPE,GPE-2025-152,SEM 6,PRESENCIAL,FULL TIME,CERRADO,7/02/2025,202502,,,17/02/2025,,17/02/2025,"12,0","12,0",60,30,202502,RYS 202502,,,
CLARO PERU OUT,RECLUTAMIENTO,RENOVACIONES ESPECIALES - OUT,,SEM 6,REMOTO,FULL TIME,CERRADO,8/02/2025,202502,,,18/02/2025,,27/02/2025,"12,0","12,0",40,24,202502,RYS 202502,,,
CLARO CHILE,RECLUTAMIENTO,POSTPAGO,GPE-2025-934,SEM 6,PRESENCIAL,FULL TIME,CERRADO,8/02/2025,202502,,,21/02/2025,,27/02/2025,"12,0","12,0",30,20,202502,RYS 202502,,,
CLARO PERU OUT,RECLUTAMIENTO,PORTABILIDAD - OUT,GPE-2025-004,SEM 7,REMOTO,FULL TIME,CERRADO,14/02/2025,202502,,,22/02/2025,,28/02/2025,"12,0","12,0",40,24,202502,RYS 202502,,,
LIPIGAS,RECLUTAMIENTO,LIPIGAS TPE,GPE-2025-153,SEM 7,PRESENCIAL,FULL TIME,CERRADO,14/02/2025,202502,,,24/02/2025,,24/02/2025,"12,0","12,0",60,30,202502,RYS 202502,,,
CLARO PERU OUT,RECLUTAMIENTO,UPGRADE,GPE-2025-009,SEM 7,PRESENCIAL,FULL TIME,CERRADO,15/02/2025,202502,,,24/02/2025,,3/03/2025,"8,0","8,0",26,16,202503,RYS 202502,,,
CLARO PERU OUT,RECLUTAMIENTO,RENOVACIONES ESPECIALES - WSP,GPE-2025-006,SEM 7,REMOTO,FULL TIME,CERRADO,15/02/2025,202502,,,25/02/2025,,6/03/2025,"12,0","12,0",40,24,202503,RYS 202502,,,
CLARO CHILE,RECLUTAMIENTO,POSTPAGO,GPE-2025-936,SEM 7,PRESENCIAL,FULL TIME,CERRADO,15/02/2025,202502,,,28/02/2025,,7/03/2025,"12,0","12,0",30,20,202503,RYS 202502,,,
CLARO PERU RETENCIONES,RECLUTAMIENTO,RETENCIONES INBOUND,GPE-2025-006,SEM 7,PRESENCIAL,FULL TIME,CERRADO,15/02/2025,202502,,,26/02/2025,,4/03/2025,"10,0","10,0",25,16,202503,RYS 202502,,,
CLARO PERU OUT,RECLUTAMIENTO,RENOVACIONES ESPECIALES - WSP,GPE-2025-007,SEM 8,REMOTO,FULL TIME,CERRADO,21/02/2025,202502,,,3/03/2025,,12/03/2025,"18,0","18,0",60,36,202503,RYS 202502,,,
CLARO PERU RETENCIONES,RECLUTAMIENTO,CONTACTADOS,GPE-2025-011,SEM 8,REMOTO,FULL TIME,CERRADO,21/02/2025,202502,,,4/03/2025,,10/03/2025,"20,0","20,0",50,33,202503,RYS 202502,,,
CLARO CHILE,RECLUTAMIENTO,TUVES,GPE-2025-938,SEM 8,PRESENCIAL,FULL TIME,CERRADO,22/02/2025,202502,,,,,1/03/2025,"12,0","12,0",30,20,202503,RYS 202502,,,
CLARO PERU RETENCIONES,RECLUTAMIENTO,RETENCIONES INBOUND,GPE-2025-007,SEM 8,PRESENCIAL,FULL TIME,CERRADO,22/02/2025,202502,,,5/03/2025,,11/03/2025,"10,0","10,0",25,16,202503,RYS 202502,,,
CLARO PERU OUT,RECLUTAMIENTO,RENOVACIONES ESPECIALES - OUT,,SEM 9,REMOTO,FULL TIME,CERRADO,28/02/2025,202502,,,10/03/2025,,19/03/2025,"8,0","8,0",26,16,202503,RYS 202502,,,
CLARO PERU RETENCIONES,RECLUTAMIENTO,CONTACTADOS,GPE-2025-012,SEM 9,PRESENCIAL,FULL TIME,CERRADO,28/02/2025,202502,,,11/03/2025,,17/03/2025,"12,0","12,0",30,20,202503,RYS 202502,,,
CLARO PERU OUT,RECLUTAMIENTO,PORTABILIDAD - OUT,GPE-2025-005,SEM 9,PRESENCIAL,FULL TIME,CERRADO,28/02/2025,202502,,,8/03/2025,,14/03/2025,"10,0","10,0",33,20,202503,RYS 202502,,,
CLARO PERU OUT,RECLUTAMIENTO,UPGRADE,GPE-2025-010,SEM 9,REMOTO,FULL TIME,CERRADO,1/03/2025,202503,,,10/03/2025,,17/03/2025,"12,0","12,0",40,24,202503,RYS 202503,,,
CLARO CHILE,RECLUTAMIENTO,TUVES,GPE-2025-939,SEM 9,PRESENCIAL,FULL TIME,CERRADO,1/03/2025,202503,,,,,8/03/2025,"12,0","12,0",30,20,202503,RYS 202503,,,
CLARO CHILE,RECLUTAMIENTO,POSTPAGO,GPE-2025-940,SEM 10,PRESENCIAL,FULL TIME,CERRADO,7/03/2025,202503,,,20/03/2025,,26/03/2025,"14,0","14,0",35,23,202503,RYS 202503,,,
CLARO PERU RETENCIONES,RECLUTAMIENTO,CONTACTADOS,GPE-2025-013,SEM 10,PRESENCIAL,FULL TIME,CERRADO,7/03/2025,202503,,,18/03/2025,,24/03/2025,"12,0","12,0",30,20,202503,RYS 202503,,,
LIPIGAS,RECLUTAMIENTO,LIPIGAS TPE,GPE-2025-154,SEM 10,PRESENCIAL,FULL TIME,CERRADO,7/03/2025,202503,,,17/03/2025,,17/03/2025,"9,0","9,0",45,22,202503,RYS 202503,,,
CLARO PERU OUT,RECLUTAMIENTO,PORTABILIDAD - OUT,GPE-2025-006,SEM 10,REMOTO,FULL TIME,CERRADO,8/03/2025,202503,,,17/03/2025,,22/03/2025,"12,0","12,0",40,24,202503,RYS 202503,,,
CLARO PERU OUT,RECLUTAMIENTO,RENOVACIONES ESPECIALES - OUT,,SEM 10,PRESENCIAL,FULL TIME,CERRADO,8/03/2025,202503,,,18/03/2025,,27/03/2025,"12,0","12,0",40,24,202503,RYS 202503,,,
CLARO PERU RETENCIONES,RECLUTAMIENTO,CONSULTA PREVIA,GPE-2025-003,SEM 10,PRESENCIAL,FULL TIME,CERRADO,8/03/2025,202503,,,25/03/2025,,29/03/2025,"12,0","12,0",30,20,202503,RYS 202503,,,
CLARO PERU RETENCIONES,RECLUTAMIENTO,RETENCIONES INBOUND,GPE-2025-008,SEM 11,PRESENCIAL,PART TIME,CERRADO,14/03/2025,202503,16:00-22:00,,25/03/2025,,31/03/2025,"18,0","18,0",45,30,202503,RYS 202503,,,
CLARO CHILE,TRASLADO,POSTPAGO,GPE-2025-943,SEM 11,PRESENCIAL,FULL TIME,CERRADO,14/03/2025,202503,,,27/03/2025,,31/03/2025,"0,0","0,0",0,0,202503,CANCELADO,,,
LIPIGAS,RECLUTAMIENTO,LIPIGAS SAC,GPE-2025-155,SEM 11,PRESENCIAL,FULL TIME,CERRADO,14/03/2025,202503,,,2/04/2025,,2/04/2025,"18,0","18,0",90,45,202504,RYS 202503,,,
CLARO PERU OUT,RECLUTAMIENTO,RENOVACIONES ESPECIALES - WSP,GPE-2025-008,SEM 11,REMOTO,FULL TIME,CERRADO,15/03/2025,202503,,,25/03/2025,,3/04/2025,"12,0","12,0",40,24,202504,RYS 202503,,,
CLARO PERU OUT,RECLUTAMIENTO,RENOVACIONES ESPECIALES - WSP,GPE-2025-009,SEM 11,REMOTO,FULL TIME,CERRADO,15/03/2025,202503,,,25/03/2025,,3/04/2025,"12,0","12,0",40,24,202504,RYS 202503,,,
CLARO PERU OUT,RECLUTAMIENTO,OLAS,GPE-2025-010S,SEM 11,PRESENCIAL,FULL TIME,CERRADO,15/03/2025,202503,,,24/03/2025,,5/04/2025,"5,0","5,0",16,10,202504,RYS 202503,,,
CLARO PERU RETENCIONES,RECLUTAMIENTO,CONTACTADOS,GPE-2025-014,SEM 11,PRESENCIAL,FULL TIME,CERRADO,15/03/2025,202503,,,26/03/2025,,1/04/2025,"10,0","10,0",25,16,202504,RYS 202503,,,
CLARO CHILE,RECLUTAMIENTO,TUVES,GPE-2025-942,SEM 11,PRESENCIAL,FULL TIME,CERRADO,15/03/2025,202503,08:00-19:00,,,,22/03/2025,"12,0","12,0",30,20,202503,RYS 202503,,,
CLARO PERU OUT,RECLUTAMIENTO,RENOVACIONES ESPECIALES - WSP,GPE-2025-010,SEM 12,REMOTO,FULL TIME,CERRADO,21/03/2025,202503,,,31/03/2025,,9/04/2025,"12,0","12,0",40,24,202504,RYS 202503,,,
CLARO CHILE,RECLUTAMIENTO,POSTPAGO,GPE-2025-944,SEM 12,PRESENCIAL,FULL TIME,CERRADO,21/03/2025,202503,,,3/04/2025,,4/04/2025,"11,0","11,0",27,18,202504,RYS 202503,,,
CLARO CHILE,TRASLADO,POSTPAGO,GPE-2025-944X,SEM 12,PRESENCIAL,FULL TIME,CERRADO,21/03/2025,202503,,,3/04/2025,,9/04/2025,"0,0","0,0",0,0,202504,CANCELADO,,,
CLARO PERU RETENCIONES,RECLUTAMIENTO,RETENCIONES INBOUND,GPE-2025-009,SEM 12,PRESENCIAL,FULL TIME,CERRADO,22/03/2025,202503,,,2/04/2025,,8/04/2025,"12,0","12,0",30,20,202504,RYS 202503,,,
CLARO PERU RETENCIONES,RECLUTAMIENTO,CONTACTADOS,GPE-2025-015,SEM 12,PRESENCIAL,FULL TIME,CERRADO,22/03/2025,202503,,,2/04/2025,,8/04/2025,"10,0","10,0",25,16,202504,RYS 202503,,,
CLARO PERU OUT,RECLUTAMIENTO,RENOVACIONES ESPECIALES - OUT,,SEM 12,PRESENCIAL,FULL TIME,CERRADO,22/03/2025,202503,,,1/04/2025,,7/04/2025,"10,0","10,0",33,20,202504,RYS 202503,,,
CLARO CHILE,RECLUTAMIENTO,POSTPAGO,GPE-2025-946,SEM 13,PRESENCIAL,FULL TIME,CERRADO,27/03/2025,202503,,,9/04/2025,,9/04/2025,"12,0","12,0",30,20,202504,RYS 202503,,,
CLARO PERU OUT,RECLUTAMIENTO,RENOVACIONES ESPECIALES - WSP,GPE-2025-011,SEM 13,REMOTO,FULL TIME,CERRADO,28/03/2025,202503,,,7/04/2025,,16/04/2025,"12,0","12,0",40,24,202504,RYS 202503,,,
CLARO CHILE,TRASLADO,POSTPAGO,GTE-2025-946,SEM 13,PRESENCIAL,FULL TIME,CERRADO,28/03/2025,202503,,,10/04/2025,,9/04/2025,"0,0","0,0",0,0,202504,CANCELADO,,,
CLARO PERU RETENCIONES,RECLUTAMIENTO,RETENCIONES INBOUND,GPE-2025-010,SEM 13,PRESENCIAL,FULL TIME,CERRADO,28/03/2025,202503,,,8/04/2025,,14/04/2025,"12,0","12,0",30,20,202504,RYS 202503,,,
LIPIGAS,RECLUTAMIENTO,LIPIGAS TPE,GPE-2025-156,SEM 13,PRESENCIAL,FULL TIME,CERRADO,28/03/2025,202503,,,7/04/2025,,7/04/2025,"12,0","12,0",60,30,202504,RYS 202503,,,
CLARO PERU OUT,RECLUTAMIENTO,RENOVACIONES ESPECIALES - OUT,,SEM 13,REMOTO,FULL TIME,CERRADO,29/03/2025,202503,,,8/04/2025,,16/04/2025,"10,0","10,0",33,20,202504,RYS 202503,,,
CLARO PERU RETENCIONES,RECLUTAMIENTO,CONTACTADOS,GPE-2025-016,SEM 13,PRESENCIAL,FULL TIME,CERRADO,29/03/2025,202503,,,9/04/2025,,15/04/2025,"12,0","12,0",30,20,202504,RYS 202503,,,
CLARO CHILE,RECLUTAMIENTO,POSTPAGO,GPE-2025-947,SEM 14,PRESENCIAL,FULL TIME,CERRADO,31/03/2025,202503,,,12/04/2025,,12/04/2025,"14,0","14,0",35,23,202504,RYS 202503,,,
CLARO PERU OUT,RECLUTAMIENTO,PORTABILIDAD - OUT,GPE-2025-007,SEM 14,PRESENCIAL,FULL TIME,CERRADO,4/04/2025,202504,,,12/04/2025,,23/04/2025,"8,0","8,0",26,16,202504,RYS 202504,,,
CLARO PERU RETENCIONES,RECLUTAMIENTO,RETENCIONES INBOUND,GPE-2025-011,SEM 14,REMOTO,FULL TIME,CERRADO,5/04/2025,202504,09:00-20:00,,16/04/2025,,24/04/2025,"12,0","12,0",30,20,202504,RYS 202504,,,
CLARO PERU OUT,RECLUTAMIENTO,RENOVACIONES ESPECIALES - OUT,,SEM 14,PRESENCIAL,FULL TIME,CERRADO,5/04/2025,202504,,,15/04/2025,,25/04/2025,"8,0","8,0",26,16,202504,RYS 202504,,,
CLARO CHILE,RECLUTAMIENTO,POSTPAGO,GPE-2025-948,SEM 14,PRESENCIAL,FULL TIME,CERRADO,5/04/2025,202504,,,21/04/2025,,15/04/2025,"12,0","12,0",30,20,202504,RYS 202504,,,
CLARO CHILE,RECLUTAMIENTO,TUVES,GPE-2025-949,SEM 14,PRESENCIAL,FULL TIME,CERRADO,5/04/2025,202504,,,,,11/04/2025,"12,0","12,0",30,20,202504,RYS 202504,,,
LIPIGAS,RECLUTAMIENTO,LIPIGAS SAC,GPE-2025-157,SEM 15,REMOTO,FULL TIME,CERRADO,7/04/2025,202504,10:00-21:00,,28/04/2025,,29/04/2025,"15,0","15,0",75,37,202504,RYS 202504,,,
CLARO PERU OUT,RECLUTAMIENTO,RENOVACIONES ESPECIALES - OUT,,SEM 15,REMOTO,FULL TIME,CERRADO,8/04/2025,202504,,,19/04/2025,,25/04/2025,"5,0","5,0",16,10,202504,RYS 202504,,,
CLARO PERU RETENCIONES,RECLUTAMIENTO,CONTACTADOS,GPE-2025-017,SEM 15,REMOTO,FULL TIME,CERRADO,11/04/2025,202504,08:00-19:00,,24/04/2025,,30/04/2025,"12,0","12,0",30,20,202504,RYS 202504,,,
LIPIGAS,RECLUTAMIENTO,LIPIGAS SAC,GPE-2025-158,SEM 15,PRESENCIAL,FULL TIME,CERRADO,11/04/2025,202504,,,3/05/2025,,6/05/2025,"10,0","10,0",50,25,202505,RYS 202504,,,
CLARO CHILE,RECLUTAMIENTO,POSTPAGO,GPE-2025-950,SEM 15,PRESENCIAL,FULL TIME,CERRADO,12/04/2025,202504,,,28/04/2025,,26/04/2025,"12,0","12,0",30,20,202504,RYS 202504,,,
CLARO PERU RETENCIONES,RECLUTAMIENTO,RETENCIONES INBOUND,GPE-2025-012,SEM 15,PRESENCIAL,FULL TIME,CERRADO,12/04/2025,202504,11:00-22:00,,25/04/2025,,2/05/2025,"12,0","12,0",30,20,202505,RYS 202504,,,
CLARO PERU OUT,RECLUTAMIENTO,UPGRADE,GPE-2025-011,SEM 15,REMOTO,FULL TIME,CERRADO,12/04/2025,202504,,,23/04/2025,,2/05/2025,"12,0","12,0",40,24,202505,RYS 202504,,,
CLARO PERU OUT,RECLUTAMIENTO,RENOVACIONES ESPECIALES - OUT,,SEM 16,REMOTO,FULL TIME,CERRADO,15/04/2025,202504,,,26/04/2025,,2/05/2025,"5,0","5,0",16,10,202505,RYS 202504,,,
CLARO CHILE,RECLUTAMIENTO,POSTPAGO,GPE-2025-951,SEM 17,PRESENCIAL,FULL TIME,CERRADO,21/04/2025,202504,,,5/05/2025,,5/05/2025,"12,0","12,0",30,20,202505,RYS 202504,,,
CLARO PERU OUT,RECLUTAMIENTO,PORTABILIDAD - OUT,GPE-2025-008,SEM 17,REMOTO,FULL TIME,CERRADO,21/04/2025,202504,,,29/04/2025,,9/05/2025,"12,0","12,0",40,24,202505,RYS 202504,,,
LIPIGAS,RECLUTAMIENTO,LIPIGAS TPE,GPE-2025-160,SEM 17,REMOTO,FULL TIME,CERRADO,21/04/2025,202504,,,30/04/2025,,30/04/2025,"20,0","20,0",100,50,202504,RYS 202504,,,
CLARO PERU RETENCIONES,RECLUTAMIENTO,RETENCIONES INBOUND,GPE-2025-013,SEM 17,PRESENCIAL,FULL TIME,CERRADO,21/04/2025,202504,11:00-22:00,,2/05/2025,,8/05/2025,"8,0","8,0",20,13,202505,RYS 202504,,,
CLARO CHILE,RECLUTAMIENTO,TUVES,GPE-2025-952,SEM 17,PRESENCIAL,FULL TIME,CERRADO,21/04/2025,202504,,,,,28/04/2025,"12,0","12,0",30,20,202504,RYS 202504,,,
LIPIGAS,RECLUTAMIENTO,LIPIGAS SAC,GPE-2025-159,SEM 17,REMOTO,FULL TIME,CERRADO,21/04/2025,202504,09:00-20:00,,10/05/2025,,13/05/2025,"15,0","15,0",75,37,202505,RYS 202504,,,
CLARO PERU OUT,RECLUTAMIENTO,RENOVACIONES ESPECIALES - OUT,,SEM 17,REMOTO,FULL TIME,CERRADO,22/04/2025,202504,,,2/05/2025,,7/05/2025,"5,0","5,0",16,10,202505,RYS 202504,,,
CLARO PERU OUT,RECLUTAMIENTO,RENOVACIONES ESPECIALES - WSP,GPE-2025-012,SEM 17,REMOTO,FULL TIME,CERRADO,25/04/2025,202504,,,6/05/2025,,14/05/2025,"12,0","12,0",40,24,202505,RYS 202504,,,
CLARO PERU RETENCIONES,RECLUTAMIENTO,CONTACTADOS,GPE-2025-018,SEM 17,REMOTO,PART TIME,CERRADO,25/04/2025,202504,16:00-22:00,,7/05/2025,,13/05/2025,"12,0","12,0",30,20,202505,RYS 202504,,,
CLARO PERU OUT,RECLUTAMIENTO,OLAS,GPE-2025-011S,SEM 17,PRESENCIAL,FULL TIME,CERRADO,25/04/2025,202504,,,5/05/2025,,14/05/2025,"8,0","8,0",26,16,202505,RYS 202504,,,
CLARO CHILE,RECLUTAMIENTO,POSTPAGO,GPE-2025-953,SEM 17,PRESENCIAL,FULL TIME,CERRADO,26/04/2025,202504,,,10/05/2025,,16/05/2025,"12,0","12,0",30,20,202505,RYS 202504,,,
CLARO PERU OUT,RECLUTAMIENTO,RENOVACIONES ESPECIALES - OUT,,SEM 17,PRESENCIAL,FULL TIME,CERRADO,26/04/2025,202504,,,7/05/2025,,15/05/2025,"6,0","5,0",16,10,202505,RYS 202504,,,
CLARO CHILE,RECLUTAMIENTO,TUVES,GPE-2025-954,SEM 17,PRESENCIAL,FULL TIME,CERRADO,26/04/2025,202504,,,,,5/05/2025,"8,0","8,0",20,13,202505,RYS 202504,,,
CLARO PERU OUT,RECLUTAMIENTO,RENOVACIONES ESPECIALES - OUT,,SEM 17,PRESENCIAL,FULL TIME,CERRADO,26/04/2025,202504,,,7/05/2025,,15/05/2025,"6,0","6,0",20,12,202505,RYS 202504,,,
CLARO PERU OUT,RECLUTAMIENTO,MIGRACIONES ESPECIALES - OUT,GPE-2025-008,SEM 18,REMOTO,FULL TIME,CERRADO,28/04/2025,202504,,,7/05/2025,,15/05/2025,"8,0","8,0",26,16,202505,RYS 202504,,,
CLARO PERU OUT,RECLUTAMIENTO,RENOVACIONES ESPECIALES - OUT,GPE-2025-004,SEM 18,REMOTO,FULL TIME,CERRADO,29/04/2025,202504,,,9/05/2025,,17/05/2025,"5,0","5,0",16,10,202505,RYS 202504,,,
CLARO CHILE,RECLUTAMIENTO,POSTPAGO,GPE-2025-955,SEM 18,PRESENCIAL,FULL TIME,CERRADO,30/04/2025,202504,,,14/05/2025,,17/05/2025,"12,0","12,0",30,20,202505,RYS 202504,,,
CLARO PERU OUT,RECLUTAMIENTO,OLAS,GPE-2025-012S,SEM 18,PRESENCIAL,FULL TIME,CERRADO,2/05/2025,202505,,,10/05/2025,,19/05/2025,"8,0","8,0",26,16,202505,RYS 202505,,,
CLARO PERU OUT,RECLUTAMIENTO,MIGRACIONES ESPECIALES - OUT,GPE-2025-009,SEM 18,REMOTO,FULL TIME,CERRADO,2/05/2025,202505,,,10/05/2025,,19/05/2025,"12,0","12,0",40,24,202505,RYS 202505,,,
CLARO PERU OUT,RECLUTAMIENTO,PORTABILIDAD - OUT,GPE-2025-009,SEM 18,REMOTO,FULL TIME,CERRADO,2/05/2025,202505,,,10/05/2025,,19/05/2025,"0,0","0,0",0,0,202505,RYS 202505,,,
CLARO PERU RETENCIONES,RECLUTAMIENTO,RETENCIONES INBOUND,GPE-2025-014,SEM 18,REMOTO,FULL TIME,CERRADO,2/05/2025,202505,11:00-22:00,,13/05/2025,,19/05/2025,"18,0","18,0",45,30,202505,RYS 202505,,,
CLARO PERU RETENCIONES,RECLUTAMIENTO,CONTACTADOS,GPE-2025-019,SEM 18,PRESENCIAL,FULL TIME,CERRADO,3/05/2025,202505,08:00-19:00,,14/05/2025,,20/05/2025,"12,0","12,0",30,20,202505,RYS 202505,,,
CLARO CHILE,RECLUTAMIENTO,TUVES,GPE-2025-956,SEM 18,PRESENCIAL,FULL TIME,CERRADO,3/05/2025,202505,,,,,10/05/2025,"10,0","10,0",25,16,202505,RYS 202505,,,
CLARO PERU OUT,RECLUTAMIENTO,RENOVACIONES ESPECIALES - OUT,GPE-2025-005,SEM 19,REMOTO,FULL TIME,CERRADO,6/05/2025,202505,,,15/05/2025,,23/05/2025,"8,0","8,0",26,16,202505,RYS 202505,,,
LIPIGAS,RECLUTAMIENTO,LIPIGAS TPE,GPE-2025-161,SEM 19,PRESENCIAL,FULL TIME,CERRADO,9/05/2025,202505,,,19/05/2025,,19/05/2025,"12,0","12,0",60,30,202505,RYS 202505,,,
CLARO PERU RETENCIONES,RECLUTAMIENTO,RETENCIONES INBOUND,GPE-2025-015,SEM 19,PRESENCIAL,FULL TIME,CERRADO,9/05/2025,202505,09:00-20:00,,20/05/2025,,26/05/2025,"12,0","12,0",30,20,202505,RYS 202505,,,
CLARO PERU RETENCIONES,RECLUTAMIENTO,CONTACTADOS,GPE-2025-020,SEM 19,REMOTO,FULL TIME,CERRADO,9/05/2025,202505,11:00-22:00,,20/05/2025,,26/05/2025,"12,0","12,0",30,20,202505,RYS 202505,,,
CLARO CHILE,RECLUTAMIENTO,POSTPAGO,GPE-2025-957,SEM 19,PRESENCIAL,FULL TIME,CERRADO,9/05/2025,202505,12:00-22:00,,23/05/2025,,28/05/2025,"12,0","12,0",30,20,202505,RYS 202505,,,
CLARO PERU OUT,RECLUTAMIENTO,RENOVACIONES ESPECIALES - WSP,GPE-2025-013,SEM 19,REMOTO,FULL TIME,CERRADO,10/05/2025,202505,,,20/05/2025,,28/05/2025,"12,0","12,0",40,24,202505,RYS 202505,,,
CLARO PERU OUT,RECLUTAMIENTO,UPGRADE,GPE-2025-012,SEM 19,PRESENCIAL,FULL TIME,CERRADO,10/05/2025,202505,,,19/05/2025,,27/05/2025,"8,0","8,0",26,16,202505,RYS 202505,,,
CLARO PERU OUT,RECLUTAMIENTO,RENOVACIONES ESPECIALES - OUT,GPE-2025-006(EXP),SEM 20,REMOTO,FULL TIME,CERRADO,13/05/2025,202505,,,22/05/2025,,30/05/2025,"5,0","5,0",16,10,202505,RYS 202505,,,
CLARO CHILE,RECLUTAMIENTO,POSTPAGO,GPE-2025-958,SEM 20,PRESENCIAL,FULL TIME,CERRADO,14/05/2025,202505,,,28/05/2025,,2/06/2025,"10,0","10,0",25,16,202506,RYS 202505,,,
CLARO PERU RETENCIONES,RECLUTAMIENTO,CONTACTADOS,GPE-2025-021,SEM 20,REMOTO,FULL TIME,CERRADO,16/05/2025,202505,10:00-19:00,,27/05/2025,,3/06/2025,"18,0","18,0",45,30,202506,RYS 202505,,,
CLARO PERU OUT,RECLUTAMIENTO,OLAS,GPE-2025-013S,SEM 20,REMOTO,FULL TIME,CERRADO,16/05/2025,202505,,,24/05/2025,,31/05/2025,"12,0","12,0",40,24,202505,RYS 202505,,,
CLARO CHILE,RECLUTAMIENTO,POSTPAGO,GPE-2025-960,SEM 20,PRESENCIAL,FULL TIME,CERRADO,16/05/2025,202505,12:00-22:00,,30/05/2025,,4/06/2025,"12,0","12,0",30,20,202506,RYS 202505,,,
LIPIGAS,RECLUTAMIENTO,LIPIGAS TPE,GPE-2025-162,SEM 20,PRESENCIAL,FULL TIME,CERRADO,16/05/2025,202505,,,26/05/2025,,27/05/2025,"12,0","12,0",60,30,202505,RYS 202505,,,
CLARO CHILE,RECLUTAMIENTO,TUVES,GPE-2025-959,SEM 20,PRESENCIAL,FULL TIME,CERRADO,16/05/2025,202505,,,,,23/05/2025,"10,0","10,0",25,16,202505,RYS 202505,,,
CLARO PERU OUT,RECLUTAMIENTO,RENOVACIONES ESPECIALES - OUT,GPE-2025-007(EXP),SEM 20,REMOTO,FULL TIME,CERRADO,16/05/2025,202505,,,26/05/2025,,30/05/2025,"5,0","5,0",16,10,202505,RYS 202505,,,
LIPIGAS,OPERACIONES,LIMAGAS,GPE-2025-164,SEM 21,PRESENCIAL,FULL TIME,CERRADO,19/05/2025,202505,,,28/05/2025,,28/05/2025,0,0,0,0,202505,OPE 202505,,,
CLARO CHILE,RECLUTAMIENTO,POSTPAGO,GPE-2025-962,SEM 21,PRESENCIAL,FULL TIME,CERRADO,21/05/2025,202505,,,3/06/2025,,10/06/2025,"10,0","10,0",25,16,202506,RYS 202505,,,
CLARO PERU OUT,RECLUTAMIENTO,RENOVACIONES ESPECIALES - WSP,GPE-2025-014,SEM 21,REMOTO,FULL TIME,CERRADO,23/05/2025,202505,,,2/06/2025,,11/06/2025,"12,0","12,0",40,24,202506,RYS 202505,,,
CLARO PERU RETENCIONES,RECLUTAMIENTO,RETENCIONES INBOUND,GPE-2025-016,SEM 21,PRESENCIAL,FULL TIME,CERRADO,23/05/2025,202505,09:00-20:00,,3/06/2025,,10/06/2025,"10,0","10,0",25,16,202506,RYS 202505,,,
CLARO PERU OUT,TRASLADO,LIVE CHAT,GPE-2025-003,SEM 21,REMOTO,FULL TIME,CERRADO,23/05/2025,202505,,,30/05/2025,,30/05/2025,0,0,0,0,202505,CANCELADO,,,
CLARO PERU OUT,RECLUTAMIENTO,RENOVACIONES ESPECIALES - OUT,GPE-2025-008(EXP),SEM 21,REMOTO,FULL TIME,CERRADO,23/05/2025,202505,,,2/06/2025,,6/06/2025,"5,0","5,0",16,10,202506,RYS 202505,,,
CLARO PERU OUT,RECLUTAMIENTO,MIGRACIONES ESPECIALES - OUT,GPE-2025-010,SEM 21,PRESENCIAL,FULL TIME,CERRADO,24/05/2025,202505,,,2/06/2025,,11/06/2025,"8,0","8,0",26,16,202506,RYS 202505,,,
CLARO CHILE,RECLUTAMIENTO,POSTPAGO,GPE-2025-964,SEM 21,PRESENCIAL,FULL TIME,CERRADO,24/05/2025,202505,12:00-22:00,,6/06/2025,,13/06/2025,"12,0","12,0",30,20,202506,RYS 202505,,,
CLARO PERU OUT,TRASLADO,UPGRADE,GPE-2025-014X,SEM 21,REMOTO,FULL TIME,CERRADO,25/05/2025,202505,,,2/06/2025,,11/06/2025,0,0,0,0,202506,CANCELADO,,,
LIPIGAS,RECLUTAMIENTO,LIPIGAS TPE,GPE-2025-165,SEM 22,REMOTO,FULL TIME,CERRADO,26/05/2025,202505,,,4/06/2025,,5/06/2025,"8,0","8,0",40,20,202506,RYS 202505,,,
CLARO CHILE,RECLUTAMIENTO,POSTPAGO,GPE-2025-965,SEM 22,PRESENCIAL,FULL TIME,CERRADO,28/05/2025,202505,,,10/06/2025,,16/06/2025,"12,0","12,0",30,20,202506,RYS 202505,,,
CLARO PERU RETENCIONES,RECLUTAMIENTO,RETENCIONES INBOUND,GPE-2025-017,SEM 22,REMOTO,FULL TIME,CERRADO,30/05/2025,202505,09:00-20:00,,11/06/2025,,17/06/2025,"12,0","12,0",30,20,202506,RYS 202505,,,
CLARO PERU RETENCIONES,RECLUTAMIENTO,CONTACTADOS,GPE-2025-022,SEM 22,REMOTO,FULL TIME,CERRADO,30/05/2025,202505,09:00-20:00,,11/06/2025,,17/06/2025,"12,0","12,0",30,20,202506,RYS 202505,,,
CLARO CHILE,RECLUTAMIENTO,POSTPAGO,GPE-2025-966,SEM 22,PRESENCIAL,PART TIME,CERRADO,30/05/2025,202505,,,12/06/2025,,19/06/2025,"13,0","13,0",32,21,202506,RYS 202505,,,
CLARO PERU OUT,TRASLADO,MIGRACIONES ESPECIALES - OUT,GPE-2025-010-1,SEM 22,REMOTO,FULL TIME,CERRADO,30/05/2025,202505,,,9/06/2025,,17/06/2025,0,0,0,0,202506,CANCELADO,,,
LIPIGAS,RECLUTAMIENTO,LIPIGAS TPE,GPE-2025-166,SEM 22,PRESENCIAL,FULL TIME,CERRADO,30/05/2025,202505,,,10/06/2025,,19/06/2025,"12,0","12,0",60,30,202506,RYS 202505,,,
CLARO PERU OUT,RECLUTAMIENTO,UPGRADE,GPE-2025-014,SEM 22,PRESENCIAL,FULL TIME,CERRADO,30/05/2025,202505,,,9/06/2025,,18/06/2025,"8,0","8,0",26,16,202506,RYS 202505,,,
CLARO PERU OUT,RECLUTAMIENTO,RENOVACIONES ESPECIALES - OUT,GPE-2025-011,SEM 22,PRESENCIAL,FULL TIME,CERRADO,30/05/2025,202505,,,10/06/2025,,16/06/2025,"10,0","10,0",33,20,202506,RYS 202505,,,
CLARO PERU OUT,RECLUTAMIENTO,RENOVACIONES ESPECIALES - WSP,GPE-2025-015,SEM 22,REMOTO,FULL TIME,CERRADO,31/05/2025,202505,,,11/06/2025,,19/06/2025,"12,0","12,0",40,24,202506,RYS 202505,,,
CLARO CHILE,RECLUTAMIENTO,POSTPAGO,GPE-2025-967,SEM 23,PRESENCIAL,FULL TIME,CERRADO,6/06/2025,202506,,,19/06/2025,7 dias,5/07/2025,"12,0","12,0",30,20,202507,RYS 202506,,,
CLARO PERU RETENCIONES,RECLUTAMIENTO,CONTACTADOS,GPE-2025-023,SEM 23,REMOTO,FULL TIME,CERRADO,6/06/2025,202506,,,18/06/2025,2 dias,26/06/2025,"12,0","12,0",30,20,202506,RYS 202506,,,
CLARO PERU RETENCIONES,RECLUTAMIENTO,RETENCIONES INBOUND,GPE-2025-018,SEM 23,PRESENCIAL,FULL TIME,CERRADO,6/06/2025,202506,,,18/06/2025,,24/06/2025,"12,0","12,0",30,20,202506,RYS 202506,,,
CLARO PERU OUT,RECLUTAMIENTO,MIGRACIONES ESPECIALES - OUT,GPE-2025-011,SEM 23,PRESENCIAL,FULL TIME,CERRADO,6/06/2025,202506,,,16/06/2025,,24/06/2025,"8,0","8,0",26,16,202506,RYS 202506,,,
LIPIGAS,RECLUTAMIENTO,LIPIGAS TPE,GPE-2025-168,SEM 23,PRESENCIAL,FULL TIME,CERRADO,6/06/2025,202506,,,17/06/2025,,17/06/2025,"12,0","12,0",60,30,202506,RYS 202506,,,
CLARO PERU OUT,RECLUTAMIENTO,UPGRADE,GPE-2025-015,SEM 23,PRESENCIAL,FULL TIME,CERRADO,6/06/2025,202506,,,16/06/2025,,24/06/2025,"6,0","6,0",20,12,202506,RYS 202506,,,
CLARO CHILE,RECLUTAMIENTO,POSTPAGO,GPE-2025-969,SEM 24,PRESENCIAL,FULL TIME,CERRADO,13/06/2025,202506,,,27/06/2025,1 dias,5/07/2025,"12,0","12,0",30,20,202507,RYS 202506,,,
CLARO PERU OUT,TRASLADO,OLAS,GPE-2025-016X,SEM 24,PRESENCIAL,FULL TIME,CERRADO,13/06/2025,202506,,,21/06/2025,,30/06/2025,0,0,0,0,202506,CANCELADO,,,
LIPIGAS,RECLUTAMIENTO,LIPIGAS SAC,GPE-2025-169,SEM 24,PRESENCIAL,FULL TIME,CERRADO,13/06/2025,202506,,,2/07/2025,,2/07/2025,"12,0","12,0",60,30,202507,RYS 202506,,,
CLARO PERU OUT,RECLUTAMIENTO,UPGRADE,GPE-2025-016,SEM 24,PRESENCIAL,FULL TIME,CERRADO,13/06/2025,202506,,,21/06/2025,,30/06/2025,"8,0","8,0",26,16,202506,RYS 202506,,,
CLARO PERU RETENCIONES,RECLUTAMIENTO,CONTACTADOS,GPE-2025-024,SEM 24,REMOTO,FULL TIME,CERRADO,14/06/2025,202506,,,25/06/2025,1 dias,2/07/2025,"12,0","12,0",30,20,202507,RYS 202506,,,
CLARO PERU OUT,RECLUTAMIENTO,MIGRACIONES ESPECIALES - OUT,GPE-2025-012,SEM 24,PRESENCIAL,FULL TIME,CERRADO,14/06/2025,202506,,,23/06/2025,,1/07/2025,"8,0","8,0",26,16,202507,RYS 202506,,,
CLARO PERU OUT,RECLUTAMIENTO,RENOVACIONES ESPECIALES - OUT,GPE-2025-012,SEM 24,PRESENCIAL,FULL TIME,CERRADO,14/06/2025,202506,,,24/06/2025,,2/07/2025,"10,0","10,0",33,20,202507,RYS 202506,,,
CLARO CHILE,RECLUTAMIENTO,POSTPAGO,GPE-2025-970,SEM 25,PRESENCIAL,FULL TIME,CERRADO,20/06/2025,202506,,,3/07/2025,,10/07/2025,"12,0","12,0",30,20,202507,RYS 202506,,,
CLARO PERU RETENCIONES,RECLUTAMIENTO,RETENCIONES INBOUND,GPE-2025-019,SEM 25,PRESENCIAL,FULL TIME,CERRADO,20/06/2025,202506,,,1/07/2025,-1 dias,5/07/2025,"5,0","5,0",12,8,202507,RYS 202506,,,
CLARO CHILE,RECLUTAMIENTO,TUVES,GPE-2025-971,SEM 25,PRESENCIAL,FULL TIME,CERRADO,20/06/2025,202506,,,,,27/06/2025,"10,0","10,0",25,16,202506,RYS 202506,,,
LIPIGAS,RECLUTAMIENTO,LIPIGAS TPE,GPE-2025-170,SEM 25,REMOTO,FULL TIME,CERRADO,20/06/2025,202506,,,30/06/2025,1 dias,1/07/2025,"18,0","18,0",90,45,202507,RYS 202506,,,
CLARO PERU RETENCIONES,RECLUTAMIENTO,CONTACTADOS,GPE-2025-025,SEM 25,REMOTO,FULL TIME,CERRADO,21/06/2025,202506,,,2/07/2025,,8/07/2025,"15,0","15,0",37,25,202507,RYS 202506,,,
CLARO PERU RETENCIONES,RECLUTAMIENTO,CONTACTADOS,GPE-2025-026,SEM 25,REMOTO,FULL TIME,CERRADO,21/06/2025,202506,,,2/07/2025,,8/07/2025,"15,0","15,0",37,25,202507,RYS 202506,,,
CLARO PERU OUT,RECLUTAMIENTO,MIGRACIONES ESPECIALES - OUT,GPE-2025-013,SEM 25,PRESENCIAL,FULL TIME,CERRADO,21/06/2025,202506,,,30/06/2025,,8/07/2025,"12,0","12,0",40,24,202507,RYS 202506,,,
CLARO PERU RETENCIONES,RECLUTAMIENTO,CONTACTADOS,GPE-2025-027,SEM 26,REMOTO,FULL TIME,CERRADO,27/06/2025,202506,,,8/07/2025,,14/07/2025,"15,0","15,0",37,25,202507,RYS 202506,,,
LIPIGAS,RECLUTAMIENTO,LIPIGAS TPE,GPE-2025-171,SEM 26,REMOTO,FULL TIME,CERRADO,27/06/2025,202506,,,7/07/2025,2 dias,9/07/2025,"15,0","15,0",75,37,202507,RYS 202506,,,
CLARO PERU OUT,RECLUTAMIENTO,RENOVACIONES ESPECIALES - WSP,GPE-2025-017,SEM 26,PRESENCIAL,FULL TIME,CERRADO,28/06/2025,202506,,,8/07/2025,,16/07/2025,"6,0","6,0",20,12,202507,RYS 202506,,,
CLARO PERU OUT,TRASLADO,RENOVACIONES ESPECIALES - WSP,GPE-2025-017X,SEM 26,PRESENCIAL,FULL TIME,CERRADO,28/06/2025,202506,,,8/07/2025,,16/07/2025,"0,0","0,0",0,0,202507,CANCELADO,,,
CLARO PERU RETENCIONES,RECLUTAMIENTO,CONTACTADOS,GPE-2025-028,SEM 26,REMOTO,FULL TIME,CERRADO,28/06/2025,202506,,,9/07/2025,,15/07/2025,"15,0","15,0",37,25,202507,RYS 202506,,,
CLARO PERU OUT,TRASLADO,OLAS,GPE-2025-017X,SEM 26,PRESENCIAL,FULL TIME,CERRADO,28/06/2025,202506,,,7/07/2025,,15/07/2025,"0,0","0,0",0,0,202507,CANCELADO,,,
LIPIGAS,TRASLADO,LIPIGAS SAC,GPE-2025-173,SEM 26,PRESENCIAL,FULL TIME,CERRADO,28/06/2025,202506,,,17/07/2025,10 dias,1/08/2025,"0,0","0,0",0,0,202508,CANCELADO,,,
CLARO PERU RETENCIONES,RECLUTAMIENTO,RETENCIONES INBOUND,GPE-2025-020,SEM 26,REMOTO,FULL TIME,CERRADO,28/06/2025,202506,,,9/07/2025,,15/07/2025,"12,0","12,0",30,20,202507,RYS 202506,,,
LIPIGAS,RECLUTAMIENTO,LIPIGAS TPE,GPE-2025-172,SEM 26,REMOTO,FULL TIME,CERRADO,28/06/2025,202506,,,8/07/2025,2 dias,10/07/2025,"15,0","15,0",75,37,202507,RYS 202506,,,
CLARO PERU OUT,RECLUTAMIENTO,UPGRADE,GPE-2025-017,SEM 26,PRESENCIAL,FULL TIME,CERRADO,28/06/2025,202506,,,7/07/2025,,15/07/2025,"12,0","12,0",40,24,202507,RYS 202506,,,
CLARO PERU RETENCIONES,RECLUTAMIENTO,RETENCIONES INBOUND,GPE-2025-021,SEM 27,PRESENCIAL,FULL TIME,CERRADO,2/07/2025,202507,MAÑANA,,12/07/2025,5 dias,25/07/2025,"0,0","0,0",0,0,202507,RYS 202507,,,
CLARO PERU RETENCIONES,OPERACIONES,CONTACTADOS,GPOP-2025-001,SEM 27,REMOTO,FULL TIME,CERRADO,2/07/2025,202507,MAÑANA,,12/07/2025,,18/07/2025,"0,0","0,0",0,0,202507,OPE 202507,,,
CLARO PERU OUT,RECLUTAMIENTO,RENOVACIONES ESPECIALES - WSP,GPE-2025-018,SEM 27,REMOTO,FULL TIME,CERRADO,4/07/2025,202507,MAÑANA,,14/07/2025,1 dias,24/07/2025,"12,0","12,0",40,24,202507,RYS 202507,,,
CLARO PERU RETENCIONES,RECLUTAMIENTO,CONTACTADOS,GPE-2025-029,SEM 27,REMOTO,FULL TIME,CERRADO,4/07/2025,202507,MAÑANA,,15/07/2025,-1 dias,19/07/2025,"18,0","18,0",45,30,202507,RYS 202507,,,
CLARO PERU OUT,RECLUTAMIENTO,RENOVACIONES ESPECIALES - OUT (EXPERIENCIA),GPE-2025-009(EXP),SEM 27,REMOTO,FULL TIME,CERRADO,4/07/2025,202507,MAÑANA,,12/07/2025,,18/07/2025,"5,0","5,0",16,10,202507,RYS 202507,,,
CLARO CHILE,RECLUTAMIENTO,TUVES,GPE-2025-973,SEM 27,PRESENCIAL,FULL TIME,CERRADO,4/07/2025,202507,,,,,11/07/2025,"10,0","10,0",25,16,202507,RYS 202507,,,
CLARO CHILE,RECLUTAMIENTO,POSTPAGO,GPE-2025-972,SEM 27,PRESENCIAL,FULL TIME,CERRADO,5/07/2025,202507,,,19/07/2025,-1 dias,25/07/2025,"10,0","10,0",25,16,202507,RYS 202507,,,
CLARO PERU OUT,RECLUTAMIENTO,MIGRACIONES ESPECIALES - OUT,GPE-2025-014,SEM 27,PRESENCIAL,FULL TIME,CERRADO,5/07/2025,202507,MAÑANA,,14/07/2025,-2 dias,19/07/2025,"5,0","5,0",16,10,202507,RYS 202507,,,
CLARO PERU OUT,RECLUTAMIENTO,RENOVACIONES ESPECIALES - WSP,GPE-2025-019,SEM 28,PRESENCIAL,FULL TIME,CERRADO,11/07/2025,202507,MAÑANA,,21/07/2025,,1/08/2025,"6,0","6,0",20,12,202508,RYS 202507,,,
CLARO PERU OUT,RECLUTAMIENTO,MIGRACIONES ESPECIALES - OUT,GPE-2025-015,SEM 28,REMOTO,FULL TIME,CERRADO,11/07/2025,202507,MAÑANA,,19/07/2025,,31/07/2025,"12,0","12,0",40,24,202507,RYS 202507,,,
CLARO PERU RETENCIONES,RECLUTAMIENTO,CONTACTADOS,GPE-2025-030,SEM 28,PRESENCIAL,FULL TIME,CERRADO,11/07/2025,202507,MAÑANA,,22/07/2025,,31/07/2025,"12,0","12,0",30,20,202507,RYS 202507,,,
LIPIGAS,CANCELADO,LIPIGAS SAC,,SEM 28,REMOTO,FULL TIME,CERRADO,11/07/2025,202507,,,2/08/2025,,2/08/2025,"16,0","16,0",80,40,202508,CANCELADO,,,
CLARO CHILE,RECLUTAMIENTO,POSTPAGO,GPE-2025-974,SEM 28,PRESENCIAL,FULL TIME,CERRADO,12/07/2025,202507,,,26/07/2025,-1 dias,1/08/2025,"12,0","12,0",30,20,202508,RYS 202507,,,
CLARO PERU RETENCIONES,RECLUTAMIENTO,RETENCIONES INBOUND,GPE-2025-022,SEM 28,PRESENCIAL,FULL TIME,CERRADO,12/07/2025,202507,MAÑANA,,24/07/2025,,1/08/2025,"10,0","10,0",25,16,202508,RYS 202507,,,
CLARO PERU RETENCIONES,RECLUTAMIENTO,CONTACTADOS,GPE-2025-031,SEM 29,REMOTO,FULL TIME,CERRADO,14/07/2025,202507,MAÑANA,,25/07/2025,,2/08/2025,"18,0","18,0",45,30,202508,RYS 202507,,,
CLARO PERU OUT,TRASLADO,MULTISERVICIOS,GPE-2025-0018X,SEM 29,REMOTO,FULL TIME,CERRADO,18/07/2025,202507,MAÑANA,,30/07/2025,,8/08/2025,"0,0","0,0",0,0,202508,CANCELADO,,,
CLARO PERU OUT,RECLUTAMIENTO,UPGRADE,GPE-2025-018,SEM 29,REMOTO,FULL TIME,CERRADO,18/07/2025,202507,MAÑANA,,30/07/2025,,8/08/2025,"16,0","16,0",53,32,202508,RYS 202507,,,
CLARO PERU OUT,RECLUTAMIENTO,RENOVACIONES ESPECIALES - OUT,GPE-2025-013,SEM 29,PRESENCIAL,FULL TIME,CERRADO,18/07/2025,202507,MAÑANA,,31/07/2025,,9/08/2025,"10,0","10,0",33,20,202508,RYS 202507,,,
CLARO PERU RETENCIONES,RECLUTAMIENTO,RETENCIONES INBOUND,GPE-2025-023,SEM 29,REMOTO,FULL TIME,CERRADO,19/07/2025,202507,MAÑANA,,2/08/2025,,9/08/2025,"18,0","18,0",45,30,202508,RYS 202507,,,
CLARO CHILE,RECLUTAMIENTO,POSTPAGO,GPE-2025-975,SEM 29,PRESENCIAL,FULL TIME,CERRADO,19/07/2025,202507,,,1/08/2025,-2 dias,6/08/2025,"8,0","8,0",20,13,202508,RYS 202507,,,
CLARO CHILE,RECLUTAMIENTO,POSTPAGO,GPE-2025-976,SEM 29,PRESENCIAL,FULL TIME,CERRADO,19/07/2025,202507,,,1/08/2025,-2 dias,6/08/2025,"8,0","8,0",20,13,202508,RYS 202507,,,
CLARO PERU RETENCIONES,RECLUTAMIENTO,CONTACTADOS,GPE-2025-032,SEM 30,REMOTO,FULL TIME,CERRADO,21/07/2025,202507,MAÑANA,,4/08/2025,,11/08/2025,"24,0","24,0",60,40,202508,RYS 202507,,,
CLARO PERU OUT,RECLUTAMIENTO,OLAS,GPE-2025-006,SEM 30,REMOTO,FULL TIME,CERRADO,24/07/2025,202507,MAÑANA,,4/08/2025,2 dias,15/08/2025,"10,0","10,0",33,20,202508,RYS 202507,,,
CLARO PERU OUT,RECLUTAMIENTO,UPGRADE,GPE-2025-019,SEM 30,REMOTO,FULL TIME,CERRADO,24/07/2025,202507,MAÑANA,,4/08/2025,1 dias,14/08/2025,"8,0","8,0",26,16,202508,RYS 202507,,,
CLARO CHILE,RECLUTAMIENTO,POSTPAGO,GPE-2025-977,SEM 30,PRESENCIAL,FULL TIME,CERRADO,25/07/2025,202507,,,7/08/2025,-2 dias,12/08/2025,"7,0","7,0",17,11,202508,RYS 202507,,,
CLARO CHILE,RECLUTAMIENTO,POSTPAGO,GPE-2025-978,SEM 30,PRESENCIAL,FULL TIME,CERRADO,25/07/2025,202507,,,7/08/2025,-2 dias,12/08/2025,"7,0","7,0",17,11,202508,RYS 202507,,,
CLARO PERU OUT,RECLUTAMIENTO,MIGRACIONES ESPECIALES - OUT,GPE-2025-016,SEM 30,PRESENCIAL,FULL TIME,CERRADO,25/07/2025,202507,MAÑANA,,5/08/2025,,14/08/2025,"6,0","6,0",20,12,202508,RYS 202507,,,
CLARO CHILE,CANCELADO,TUVES,,SEM 30,PRESENCIAL,FULL TIME,CERRADO,25/07/2025,202507,,,,,1/08/2025,"10,0","10,0",25,16,202508,CANCELADO,,,
LIPIGAS,CANCELADO,LIPIGAS SAC,,SEM 30,REMOTO,FULL TIME,CERRADO,26/07/2025,202507,,,18/08/2025,,18/08/2025,15,15,75,37,202508,CANCELADO,,,
CLARO CHILE,RECLUTAMIENTO,POSTPAGO,GPE-2025-979,SEM 31,PRESENCIAL,FULL TIME,CERRADO,1/08/2025,202508,,,14/08/2025,-1 dias,21/08/2025,"12,0","12,0",30,20,202508,RYS 202508,,,
CLARO PERU RETENCIONES,RECLUTAMIENTO,RETENCIONES INBOUND,GPE-2025-024,SEM 31,PRESENCIAL,FULL TIME,CERRADO,1/08/2025,202508,MAÑANA,,13/08/2025,,19/08/2025,"8,0","8,0",20,13,202508,RYS 202508,,,
CLARO PERU RETENCIONES,TRASLADO,CONTACTADOS,GPE-2025-023X,SEM 31,REMOTO,FULL TIME,CERRADO,1/08/2025,202508,TARDE,,13/08/2025,-2 dias,16/08/2025,0,0,0,0,202508,CANCELADO,,,
CLARO PERU RETENCIONES,TRASLADO,CONSULTA PREVIA,GPE-2025-023X,SEM 31,REMOTO,FULL TIME,CERRADO,1/08/2025,202508,TARDE,,19/08/2025,-2 dias,22/08/2025,0,0,0,0,202508,CANCELADO,,,
CLARO CHILE,CANCELADO,TUVES,,SEM 31,PRESENCIAL,FULL TIME,CERRADO,1/08/2025,202508,,,,,8/08/2025,"10,0","10,0",25,16,202508,CANCELADO,,,
CLARO PERU RETENCIONES,RECLUTAMIENTO,CONSULTA PREVIA,GPE-2025-004,SEM 31,REMOTO,FULL TIME,CERRADO,2/08/2025,202508,MAÑANA,,20/08/2025,,26/08/2025,"12,0","12,0",30,20,202508,RYS 202508,,,
CLARO PERU OUT,RECLUTAMIENTO,MIGRACIONES ESPECIALES - OUT,GPE-2025-017,SEM 31,PRESENCIAL,FULL TIME,CERRADO,2/08/2025,202508,MAÑANA,,12/08/2025,,20/08/2025,"6,0","6,0",20,12,202508,RYS 202508,,,
CLARO PERU RETENCIONES,TRASLADO,CONTACTADOS,GPE-2025-004X,SEM 31,REMOTO,FULL TIME,CERRADO,2/08/2025,202508,MAÑANA,,14/08/2025,,20/08/2025,"0,0","0,0",0,0,202508,CANCELADO,,,
CLARO PERU OUT,RECLUTAMIENTO,RENOVACIONES ESPECIALES - OUT,GPE-2025-014,SEM 31,PRESENCIAL,FULL TIME,CERRADO,2/08/2025,202508,MAÑANA,,13/08/2025,,21/08/2025,"8,0","8,0",26,16,202508,RYS 202508,,,
CLARO PERU OUT,RECLUTAMIENTO,RENOVACIONES ESPECIALES - WSP,GPE-2025-020,SEM 32,REMOTO,FULL TIME,CERRADO,8/08/2025,202508,MAÑANA,,18/08/2025,3 dias,29/08/2025,"4,0","4,0",13,8,202508,RYS 202508,,,
CLARO PERU OUT,RECLUTAMIENTO,RENOVACIONES ESPECIALES - WSP,GPE-2025-021,SEM 32,REMOTO,FULL TIME,CERRADO,8/08/2025,202508,MAÑANA,,18/08/2025,3 dias,29/08/2025,"4,0","4,0",13,8,202508,RYS 202508,,,
CLARO CHILE,RECLUTAMIENTO,POSTPAGO,GPE-2025-980,SEM 32,PRESENCIAL,FULL TIME,CERRADO,8/08/2025,202508,,,22/08/2025,-1 dias,28/08/2025,"12,0","12,0",30,16,202508,RYS 202508,,,
CLARO PERU RETENCIONES,RECLUTAMIENTO,RETENCIONES INBOUND,GPE-2025-025,SEM 32,PRESENCIAL,FULL TIME,CERRADO,8/08/2025,202508,MAÑANA,,19/08/2025,,25/08/2025,"8,0","8,0",20,13,202508,RYS 202508,,,
CLARO CHILE,CANCELADO,TUVES,,SEM 32,PRESENCIAL,FULL TIME,CERRADO,8/08/2025,202508,,,,,16/08/2025,"10,0","10,0",25,16,202508,CANCELADO,,,
CLARO PERU OUT,TRASLADO,RENOVACIONES ESPECIALES - OUT,GPE-2025-021X,SEM 32,REMOTO,FULL TIME,CERRADO,8/08/2025,202508,MAÑANA,,18/08/2025,3 dias,29/08/2025,"0,0","0,0",0,0,202508,CANCELADO,,,
CLARO PERU OUT,RECLUTAMIENTO,MIGRACIONES ESPECIALES - OUT,GPE-2025-018,SEM 32,REMOTO,FULL TIME,CERRADO,9/08/2025,202508,MAÑANA,,18/08/2025,,26/08/2025,"3,0","3,0",10,6,202508,RYS 202508,,,
CLARO PERU OUT,RECLUTAMIENTO,OLAS,GPE-2025-007,SEM 32,PRESENCIAL,FULL TIME,CERRADO,9/08/2025,202508,MAÑANA,,18/08/2025,-2 dias,23/08/2025,"6,0","6,0",20,12,202508,RYS 202508,,,
CLARO PERU OUT,TRASLADO,OLAS,GPE-2025-018X,SEM 32,REMOTO,FULL TIME,CERRADO,9/08/2025,202508,MAÑANA,,18/08/2025,,26/08/2025,0,0,0,0,202508,CANCELADO,,,
CLARO PERU OUT,TRASLADO,MULTISERVICIOS,GPE-2025-018X,SEM 32,REMOTO,FULL TIME,CERRADO,9/08/2025,202508,MAÑANA,,18/08/2025,,26/08/2025,0,0,0,0,202508,CANCELADO,,,
CLARO CHILE,RECLUTAMIENTO,POSTPAGO,GPE-2025-981,SEM 33,PRESENCIAL,FULL TIME,CERRADO,15/08/2025,202508,MAÑANA,,28/08/2025,,4/09/2025,"9,0","9,0",16,12,202509,RYS 202508,,,
CLARO CHILE,RECLUTAMIENTO,POSTPAGO,GPE-2025-982,SEM 33,PRESENCIAL,FULL TIME,CERRADO,15/08/2025,202508,MAÑANA,,28/08/2025,,4/09/2025,9,9,16,12,202509,RYS 202508,,,
CLARO PERU OUT,RECLUTAMIENTO,RENOVACIONES ESPECIALES - OUT (EXPERIENCIA),GPE-2025-010(EXP),SEM 33,REMOTO,FULL TIME,CERRADO,15/08/2025,202508,MAÑANA,,23/08/2025,,29/08/2025,"8,0","8,0",26,16,202508,RYS 202508,,,
CLARO PERU OUT,RECLUTAMIENTO,OLAS,GPE-2025-008,SEM 33,REMOTO,FULL TIME,CERRADO,15/08/2025,202508,MAÑANA,,23/08/2025,2 dias,4/09/2025,"6,0","6,0",20,12,202509,RYS 202508,,,
CLARO PERU RETENCIONES,RECLUTAMIENTO,CONTACTADOS,GPE-2025-033,SEM 33,REMOTO,FULL TIME,CERRADO,15/08/2025,202508,MAÑANA,,26/08/2025,-1 dias,1/09/2025,"18,0","18,0",45,30,202509,RYS 202508,,,
CLARO PERU OUT,RECLUTAMIENTO,RENOVACIONES ESPECIALES - WSP,GPE-2025-022,SEM 33,PRESENCIAL,FULL TIME,CERRADO,16/08/2025,202508,MAÑANA,,26/08/2025,,4/09/2025,"7,0","7,0",23,14,202509,RYS 202508,,,
LIPIGAS,RECLUTAMIENTO,LIPIGAS SAC,GPE-2025-180,SEM 33,PRESENCIAL,FULL TIME,CERRADO,16/08/2025,202508,,,23/09/2025,-11 dias,10/09/2025,"10,0","10,0",50,25,202509,RYS 202508,,,
CLARO PERU OUT,TRASLADO,RENOVACIONES ESPECIALES - OUT,GPE-2025-022X,SEM 33,PRESENCIAL,FULL TIME,CERRADO,16/08/2025,202508,MAÑANA,,26/08/2025,,4/09/2025,"0,0","0,0",0,0,202509,CANCELADO,,,
CLARO PERU RETENCIONES,RECLUTAMIENTO,CONTACTADOS,GPE-2025-034,SEM 34,PRESENCIAL,FULL TIME,CERRADO,22/08/2025,202508,MAÑANA,,3/09/2025,,9/09/2025,"10,0","10,0",25,16,202509,RYS 202508,,,
CLARO PERU RETENCIONES,RECLUTAMIENTO,RETENCIONES INBOUND,GPE-2025-026,SEM 34,PRESENCIAL,FULL TIME,CERRADO,22/08/2025,202508,MAÑANA,,3/09/2025,,9/09/2025,"8,0","8,0",20,13,202509,RYS 202508,,,
CLARO PERU RETENCIONES,RECLUTAMIENTO,BABYSTING,GPE-2025-001,SEM 34,PRESENCIAL,FULL TIME,CERRADO,22/08/2025,202508,MAÑANA,,1/09/2025,,5/09/2025,"5,0","5,0",12,8,202509,RYS 202508,,,
CLARO PERU RETENCIONES,TRASLADO,PREVENTIVA - OUT,GPE-2025-001X,SEM 34,PRESENCIAL,FULL TIME,CERRADO,22/08/2025,202508,MAÑANA,,29/08/2025,-3 dias,5/09/2025,"0,0","0,0",0,0,202509,CANCELADO,,,
CLARO PERU RETENCIONES,TRASLADO,FULL CLARO,GPE-2025-001X,SEM 34,PRESENCIAL,FULL TIME,CERRADO,22/08/2025,202508,MAÑANA,,1/09/2025,,5/09/2025,"0,0","0,0",0,0,202509,CANCELADO,,,
CLARO CHILE,RECLUTAMIENTO,POSTPAGO,GPE-2025-983,SEM 34,PRESENCIAL,FULL TIME,CERRADO,22/08/2025,202508,TARDE,,4/09/2025,1 dias,12/09/2025,"9,0","9,0",16,12,202509,RYS 202508,,,
CLARO CHILE,RECLUTAMIENTO,POSTPAGO,GPE-2025-984,SEM 34,PRESENCIAL,FULL TIME,CERRADO,22/08/2025,202508,TARDE,,4/09/2025,1 dias,12/09/2025,9,9,16,12,202509,RYS 202508,,,
CLARO PERU OUT,RECLUTAMIENTO,UPGRADE,GPE-2025-020,SEM 34,PRESENCIAL,FULL TIME,CERRADO,22/08/2025,202508,MAÑANA,,1/09/2025,-3 dias,5/09/2025,"6,0","6,0",20,12,202509,RYS 202508,,,
CLARO CHILE,RECLUTAMIENTO,POSTPAGO,GPE-2025-985,SEM 35,PRESENCIAL,FULL TIME,CERRADO,29/08/2025,202508,MAÑANA,,11/09/2025,,18/09/2025,"15,0","15,0",27,21,202509,RYS 202508,,,
CLARO PERU RETENCIONES,RECLUTAMIENTO,RETENCIONES INBOUND,GPE-2025-027,SEM 35,REMOTO,FULL TIME,CERRADO,29/08/2025,202508,MAÑANA,,10/09/2025,,16/09/2025,"8,0","8,0",20,13,202509,RYS 202508,,,
CLARO PERU OUT,RECLUTAMIENTO,MIGRACIONES ESPECIALES - OUT,GPE-2025-019,SEM 35,PRESENCIAL,FULL TIME,CERRADO,29/08/2025,202508,MAÑANA,,8/09/2025,,16/09/2025,"6,0","6,0",20,12,202509,RYS 202508,,,
CLARO PERU OUT,RECLUTAMIENTO,RENOVACIONES ESPECIALES - OUT (EXPERIENCIA),GPE-2025-011(EXP),SEM 35,REMOTO,FULL TIME,CERRADO,29/08/2025,202508,MAÑANA,,8/09/2025,1 dias,15/09/2025,"6,0","6,0",20,12,202509,RYS 202508,,,
CLARO PERU OUT,RECLUTAMIENTO,UPGRADE,GPE-2025-021,SEM 35,REMOTO,FULL TIME,CERRADO,29/08/2025,202508,MAÑANA,,8/09/2025,,16/09/2025,"12,0","12,0",40,24,202509,RYS 202508,,,
CLARO PERU RETENCIONES,RECLUTAMIENTO,CANAL DIGITAL WSP INBOUND,GPE-2025-001,SEM 36,PRESENCIAL,FULL TIME,CERRADO,1/09/2025,202509,MAÑANA,,11/09/2025,-1 dias,16/09/2025,"6,0","6,0",15,10,202509,RYS 202509,,,
CLARO PERU OUT,RECLUTAMIENTO,RENOVACIONES ESPECIALES - OUT,GPE-2025-015,SEM 36,PRESENCIAL,FULL TIME,CERRADO,1/09/2025,202509,MAÑANA,,10/09/2025,-2 dias,16/09/2025,"8,0","8,0",26,16,202509,RYS 202509,,,
CLARO PERU RETENCIONES,OPERACIONES,CONTACTADOS,GPOP-2025-002,SEM 36,PRESENCIAL,FULL TIME,CERRADO,4/09/2025,202509,MAÑANA,,15/09/2025,,20/09/2025,0,0,0,0,202509,OPE 202509,,,
CLARO PERU RETENCIONES,TRASLADO,PREVENTIVA - OUT,GPOP-2025-002X,SEM 36,PRESENCIAL,FULL TIME,CERRADO,4/09/2025,202509,MAÑANA,,11/09/2025,-3 dias,17/09/2025,0,0,0,0,202509,CANCELADO,,,
CLARO PERU OUT,RECLUTAMIENTO,MIGRACIONES ESPECIALES - OUT,GPE-2025-020,SEM 36,REMOTO,FULL TIME,CERRADO,5/09/2025,202509,MAÑANA,,13/09/2025,,22/09/2025,12,12,40,24,202509,RYS 202509,,,
CLARO PERU OUT,TRASLADO,MULTISERVICIOS,GPE-2025-020X,SEM 36,REMOTO,FULL TIME,CERRADO,5/09/2025,202509,MAÑANA,,13/09/2025,-8 dias,12/09/2025,0,0,0,0,202509,CANCELADO,,,
CLARO PERU OUT,TRASLADO,OLAS,GPE-2025-020X,SEM 36,REMOTO,FULL TIME,CERRADO,5/9/25,202509,MAÑANA,,13/09/2025,-8 dias,12/09/2025,0,0,0,0,202509,CANCELADO,,,
CLARO PERU RETENCIONES,RECLUTAMIENTO,RETENCIONES INBOUND,GPE-2025-028,SEM 36,REMOTO,FULL TIME,CERRADO,5/09/2025,202509,MAÑANA,,16/09/2025,,22/09/2025,12,12,30,20,202509,RYS 202509,,,
CLARO PERU OUT,RECLUTAMIENTO,RENOVACIONES ESPECIALES - WSP (EXPERIENCIA),GPE-2025-001(EXP),SEM 36,REMOTO,FULL TIME,CERRADO,5/09/2025,202509,MAÑANA,,13/09/2025,2 dias,22/09/2025,6,6,20,12,202509,RYS 202509,,,
CLARO PERU OUT,TRASLADO,RENOVACIONES ESPECIALES - OUT (EXPERIENCIA),GPE-2025-001(EXP)X,SEM 36,REMOTO,FULL TIME,CERRADO,5/09/2025,202509,MAÑANA,,13/09/2025,2 dias,22/09/2025,0,0,0,0,202509,CANCELADO,,,
CLARO PERU OUT,TRASLADO,UPGRADE,GPE-2025-020X,SEM 36,REMOTO,FULL TIME,CERRADO,5/09/2025,202509,MAÑANA,,13/09/2025,-8 dias,12/09/2025,0,0,0,0,202509,CANCELADO,,,
CLARO CHILE,RECLUTAMIENTO,POSTPAGO,GPE-2025-986,SEM 36,PRESENCIAL,FULL TIME,CERRADO,6/09/2025,202509,TARDE,,19/09/2025,-1 dias,25/09/2025,7,7,12,10,202509,RYS 202509,,,
CLARO CHILE,RECLUTAMIENTO,POSTPAGO,GPE-2025-987,SEM 36,PRESENCIAL,FULL TIME,CERRADO,6/09/2025,202509,TARDE,,19/09/2025,-1 dias,25/09/2025,8,8,14,11,202509,RYS 202509,,,
CLARO PERU RETENCIONES,OPERACIONES,CONTACTADOS,GPOP-2025-003,SEM 37,REMOTO,FULL TIME,CERRADO,9/09/2025,202509,,,19/09/2025,-10 dias,13/09/2025,0,0,0,0,202509,OPE 202509,,,
CLARO PERU RETENCIONES,RECLUTAMIENTO,CONTACTADOS,GPE-2025-035,SEM 37,REMOTO,FULL TIME,CERRADO,10/09/2025,202509,MAÑANA,,20/09/2025,,26/09/2025,18,18,45,30,202509,RYS 202509,,,
CLARO PERU OUT,TRASLADO,RENOVACIONES ESPECIALES - WSP,GPE-2025-022X,SEM 37,REMOTO,FULL TIME,CERRADO,12/09/2025,202509,MAÑANA,,22/09/2025,-1 dias,29/09/2025,0,0,0,0,202509,CANCELADO,,,
CLARO PERU OUT,RECLUTAMIENTO,RENOVACIONES ESPECIALES - OUT (EXPERIENCIA),GPE-2025-012(EXP),SEM 37,REMOTO,FULL TIME,CERRADO,12/09/2025,202509,MAÑANA,,20/09/2025,-1 dias,25/09/2025,6,6,20,12,202509,RYS 202509,,,
CLARO PERU OUT,RECLUTAMIENTO,UPGRADE,GPE-2025-022,SEM 37,REMOTO,FULL TIME,CERRADO,12/09/2025,202509,MAÑANA,,20/09/2025,,29/09/2025,5,5,16,10,202509,RYS 202509,,,
CLARO CHILE,RECLUTAMIENTO,POSTPAGO,GPE-2025-988,SEM 37,PRESENCIAL,FULL TIME,CERRADO,13/09/2025,202509,MAÑANA,,26/09/2025,1 dias,4/10/2025,7,7,12,10,202510,RYS 202509,,,
CLARO CHILE,RECLUTAMIENTO,POSTPAGO,GPE-2025-989,SEM 37,PRESENCIAL,FULL TIME,CERRADO,13/09/2025,202509,MAÑANA,,26/09/2025,1 dias,4/10/2025,8,8,14,11,202510,RYS 202509,,,
CLARO PERU RETENCIONES,RECLUTAMIENTO,RETENCIONES INBOUND,GPE-2025-029,SEM 37,REMOTO,FULL TIME,CERRADO,13/09/2025,202509,MAÑANA,,24/09/2025,,30/09/2025,20,20,50,33,202509,RYS 202509,,,
CLARO CHILE,RECLUTAMIENTO,TUVES,GPE-2025-001,SEM 37,PRESENCIAL,FULL TIME,CERRADO,13/09/2025,202509,,,,1 dias,22/09/2025,8,8,20,13,202509,RYS 202509,,,
CLARO PERU RETENCIONES,RECLUTAMIENTO,PREVENTIVA - OUT,GPE-2025-001,SEM 38,REMOTO,FULL TIME,CERRADO,16/09/2025,202509,MAÑANA,,23/09/2025,-1 dias,1/10/2025,8,8,20,13,202510,RYS 202509,,,
CLARO PERU RETENCIONES,RECLUTAMIENTO,RETENCIONES INBOUND,GPE-2025-030,SEM 38,REMOTO,FULL TIME,CERRADO,19/09/2025,202509,TARDE,,30/09/2025,,6/10/2025,20,20,50,33,202510,RYS 202509,,,
CLARO PERU OUT,RECLUTAMIENTO,UPGRADE,GPE-2025-023,SEM 38,REMOTO,FULL TIME,CERRADO,19/09/2025,202509,MAÑANA,,27/09/2025,2 dias,9/10/2025,2,2,6,4,202510,RYS 202509,,,
CLARO CHILE,RECLUTAMIENTO,POSTPAGO,GPE-2025-990,SEM 38,PRESENCIAL,FULL TIME,CERRADO,20/09/2025,202509,TARDE,,3/10/2025,1 dias,11/10/2025,12,12,21,17,202510,RYS 202509,,,
CLARO PERU RETENCIONES,RECLUTAMIENTO,CONTACTADOS,GPE-2025-036,SEM 38,REMOTO,FULL TIME,CERRADO,20/09/2025,202509,MAÑANA,,1/10/2025,,7/10/2025,18,18,45,30,202510,RYS 202509,,,
LIPIGAS,RECLUTAMIENTO,LIPIGAS SAC,GPE-2025-181,SEM 38,PRESENCIAL,FULL TIME,CERRADO,20/09/2025,202509,,,10/10/2025,3 dias,14/10/2025,8,8,40,20,202510,RYS 202509,,,
CLARO PERU OUT,RECLUTAMIENTO,RENOVACIONES ESPECIALES - OUT,GPE-2025-016,SEM 38,PRESENCIAL,FULL TIME,CERRADO,20/09/2025,202509,MAÑANA,,30/09/2025,,9/10/2025,10,10,33,20,202510,RYS 202509,,,
CLARO PERU RETENCIONES,RECLUTAMIENTO,CONTACTADOS,GPE-2025-037,SEM 39,REMOTO,FULL TIME,CERRADO,26/09/2025,202509,MAÑANA,,7/10/2025,,14/10/2025,12,12,30,20,202510,RYS 202509,,,
CLARO PERU OUT,RECLUTAMIENTO,RENOVACIONES ESPECIALES - OUT,GPE-2025-017,SEM 39,PRESENCIAL,FULL TIME,CERRADO,26/09/2025,202509,MAÑANA,,6/10/2025,2 dias,17/10/2025,10,10,33,20,202510,RYS 202509,,,
LIPIGAS,CANCELADO,LIPIGAS TPE,,SEM 39,PRESENCIAL,FULL TIME,CERRADO,27/09/2025,202509,,,7/10/2025,,7/10/2025,12,12,60,30,202510,CANCELADO,,,
CLARO CHILE,RECLUTAMIENTO,POSTPAGO,GPE-2025-991,SEM 39,PRESENCIAL,FULL TIME,CERRADO,27/09/2025,202509,MAÑANA,,10/10/2025,1 dias,18/10/2025,7,7,12,10,202510,RYS 202509,,,
CLARO CHILE,RECLUTAMIENTO,POSTPAGO,GPE-2025-992,SEM 39,PRESENCIAL,FULL TIME,CERRADO,27/09/2025,202509,MAÑANA,,10/10/2025,1 dias,18/10/2025,8,8,14,11,202510,RYS 202509,,,
CLARO PERU OUT,TRASLADO,RENOVACIONES ESPECIALES - WSP,GPE-2025-018X,SEM 40,REMOTO,FULL TIME,CERRADO,3/10/2025,202510,,,14/10/2025,-6 dias,15/10/2025,0,0,0,0,202510,CANCELADO,,,
CLARO PERU OUT,RECLUTAMIENTO,RENOVACIONES ESPECIALES - OUT,GPE-2025-018,SEM 40,REMOTO,FULL TIME,CERRADO,3/10/2025,202510,,,14/10/2025,-6 dias,15/10/2025,6,6,20,12,202510,RYS 202510,,,
CLARO PERU OUT,TRASLADO,MULTISERVICIOS,GPE-2025-024X,SEM 40,PRESENCIAL,FULL TIME,CERRADO,3/10/2025,202510,,,13/10/2025,-4 dias,16/10/2025,0,0,0,0,202510,CANCELADO,,,
CLARO PERU OUT,RECLUTAMIENTO,UPGRADE,GPE-2025-024,SEM 40,PRESENCIAL,FULL TIME,CERRADO,3/10/2025,202510,,,13/10/2025,,21/10/2025,7,7,23,14,202510,RYS 202510,,,
CLARO PERU OUT,TRASLADO,RENOVACIONES ESPECIALES - OUT,GPE-2025-018X,SEM 40,REMOTO,FULL TIME,CERRADO,3/10/2025,202510,,,14/10/2025,-6 dias,15/10/2025,0,0,0,0,202510,CANCELADO,,,
CLARO CHILE,RECLUTAMIENTO,POSTPAGO,GPE-2025-993,SEM 40,PRESENCIAL,FULL TIME,CERRADO,4/10/2025,202510,TARDE,,17/10/2025,2 dias,27/10/2025,7,7,12,10,202510,RYS 202510,,,
CLARO CHILE,RECLUTAMIENTO,POSTPAGO,GPE-2025-994,SEM 40,PRESENCIAL,FULL TIME,CERRADO,4/10/2025,202510,TARDE,,17/10/2025,2 dias,27/10/2025,7,7,12,10,202510,RYS 202510,,,
CLARO PERU OUT,RECLUTAMIENTO,MIGRACIONES ESPECIALES - OUT,GPE-2025-021,SEM 40,PRESENCIAL,FULL TIME,CERRADO,4/10/2025,202510,MAÑANA,,14/10/2025,-3 dias,18/10/2025,7,7,23,14,202510,RYS 202510,,,
CLARO PERU RETENCIONES,RECLUTAMIENTO,CONTACTADOS,GPE-2025-038,SEM 40,PRESENCIAL,FULL TIME,CERRADO,4/10/2025,202510,MAÑANA,,16/10/2025,,22/10/2025,10,10,25,16,202510,RYS 202510,,,
CLARO PERU RETENCIONES,RECLUTAMIENTO,CONTACTADOS,GPE-2025-039,SEM 41,REMOTO,FULL TIME,CERRADO,10/10/2025,202510,MAÑANA,,21/10/2025,,27/10/2025,18,18,45,30,202510,RYS 202510,,,
CLARO PERU RETENCIONES,RECLUTAMIENTO,PREVENTIVA - OUT,GPE-2025-002,SEM 41,PRESENCIAL,FULL TIME,CERRADO,10/10/2025,202510,,,21/10/2025,,27/10/2025,7,7,17,11,202510,RYS 202510,,,
CLARO PERU OUT,CANCELADO,UPGRADE,,SEM 41,REMOTO,FULL TIME,CERRADO,10/10/2025,202510,,,18/10/2025,,27/10/2025,12,12,40,24,202510,CANCELADO,,,
CLARO PERU OUT,RECLUTAMIENTO,RENOVACIONES ESPECIALES - WSP,GPE-2025-023,SEM 41,REMOTO,FULL TIME,CERRADO,11/10/2025,202510,MAÑANA,,21/10/2025,-4 dias,24/10/2025,8,8,26,16,202510,RYS 202510,,,
CLARO CHILE,RECLUTAMIENTO,POSTPAGO,GPE-2025-995,SEM 41,PRESENCIAL,FULL TIME,CERRADO,11/10/2025,202510,MAÑANA,,24/10/2025,,31/10/2025,12,12,21,17,202510,RYS 202510,,,
CLARO CHILE,CANCELADO,TUVES,,SEM 41,PRESENCIAL,FULL TIME,CERRADO,11/10/2025,202510,MAÑANA,,,,18/10/2025,10,10,25,16,202510,CANCELADO,,,
LIPIGAS,RECLUTAMIENTO,LIPIGAS TPE,GPE-2025-182,SEM 41,PRESENCIAL,FULL TIME,CERRADO,11/10/2025,202510,,,21/10/2025,,21/10/2025,8,8,40,20,202510,RYS 202510,,,
CLARO PERU RETENCIONES,RECLUTAMIENTO,CONTACTADOS,GPE-2025-040,SEM 42,REMOTO,FULL TIME,CERRADO,17/10/2025,202510,,,28/10/2025,,4/11/2025,18,18,45,30,202511,RYS 202510,,,
CLARO PERU OUT,RECLUTAMIENTO,OLAS,GPE-2025-009,SEM 42,PRESENCIAL,FULL TIME,CERRADO,18/10/25,202510,,,27/10/2025,,5/11/2025,6,6,20,12,202511,RYS 202510,,,
CLARO PERU OUT,TRASLADO,MIGRACIONES ESPECIALES - OUT,GPE-2025-009X,SEM 42,PRESENCIAL,FULL TIME,CERRADO,18/10/2025,202510,,,27/10/2025,,5/11/2025,0,0,0,0,202511,CANCELADO,,,
CLARO PERU RETENCIONES,RECLUTAMIENTO,RETENCIONES INBOUND,GPE-2025-031,SEM 42,REMOTO,FULL TIME,CERRADO,18/10/2025,202510,,,29/10/2025,,5/11/2025,6,6,15,10,202511,RYS 202510,,,
CLARO PERU RETENCIONES,RECLUTAMIENTO,RETENCIONES INBOUND,GPE-2025-032,SEM 42,REMOTO,FULL TIME,CERRADO,18/10/2025,202510,,,29/10/2025,,5/11/2025,6,6,15,10,202511,RYS 202510,,,
CLARO CHILE,RECLUTAMIENTO,POSTPAGO,GPE-2025-996,SEM 42,PRESENCIAL,FULL TIME,CERRADO,18/10/2025,202510,TARDE,,31/10/2025,,8/11/2025,12,12,21,17,202511,RYS 202510,,,
CLARO PERU OUT,RECLUTAMIENTO,UPGRADE,GPE-2025-025,SEM 42,PRESENCIAL,FULL TIME,CERRADO,18/10/2025,202510,,,27/10/2025,,5/11/2025,7,7,23,14,202511,RYS 202510,,,
CLARO PERU OUT,RECLUTAMIENTO,RENOVACIONES ESPECIALES - OUT,GPE-2025-019,SEM 42,PRESENCIAL,FULL TIME,CERRADO,18/10/2025,202510,,,28/10/2025,-1 dias,5/11/2025,10,10,33,20,202511,RYS 202510,,,
CLARO PERU RETENCIONES,RECLUTAMIENTO,CONSULTA PREVIA,GPE-2025-005,SEM 43,PRESENCIAL,FULL TIME,CERRADO,24/10/2025,202510,,,11/11/2025,,17/11/2025,6,6,15,10,202511,RYS 202510,,,
CLARO PERU OUT,RECLUTAMIENTO,MIGRACIONES ESPECIALES - OUT,GPE-2025-022,SEM 43,REMOTO,FULL TIME,CERRADO,24/10/2025,202510,,,3/11/2025,1 dias,12/11/2025,10,10,33,20,202511,RYS 202510,,,
CLARO CHILE,OPERACIONES,TUVES,GPOP-2025-001,SEM 43,PRESENCIAL,FULL TIME,CERRADO,24/10/2025,202510,,,,,31/10/2025,0,0,0,0,202510,OPE 202510,,,
CLARO PERU OUT,RECLUTAMIENTO,UPGRADE,GPE-2025-026,SEM 43,PRESENCIAL,FULL TIME,CERRADO,24/10/2025,202510,,,3/11/2025,,11/11/2025,8,8,26,16,202511,RYS 202510,,,
CLARO PERU OUT,RECLUTAMIENTO,RENOVACIONES ESPECIALES - WSP,GPE-2025-024,SEM 43,PRESENCIAL,FULL TIME,CERRADO,25/10/2025,202510,,,5/11/2025,,13/11/2025,10,10,33,20,202511,RYS 202510,,,
CLARO CHILE,RECLUTAMIENTO,POSTPAGO,GPE-2025-997,SEM 43,PRESENCIAL,FULL TIME,CERRADO,25/10/2025,202510,MAÑANA,,8/11/2025,,15/11/2025,9,9,16,12,202511,RYS 202510,,,
CLARO CHILE,RECLUTAMIENTO,POSTPAGO,GPE-2025-998,SEM 43,PRESENCIAL,FULL TIME,CERRADO,25/10/2025,202510,MAÑANA,,8/11/2025,,15/11/2025,5,5,9,7,202511,RYS 202510,,,
CLARO CHILE,RECLUTAMIENTO,POSTPAGO,GPE-2025-999,SEM 44,PRESENCIAL,FULL TIME,CERRADO,31/10/2025,202510,,,14/11/2025,,21/11/2025,10,10,18,14,202511,RYS 202510,,,
CLARO PERU RETENCIONES,RECLUTAMIENTO,CONTACTADOS,GPE-2025-041,SEM 44,PRESENCIAL,FULL TIME,CERRADO,31/10/2025,202510,,,12/11/2025,,18/11/2025,15,15,37,25,202511,RYS 202510,,,
CLARO PERU OUT,RECLUTAMIENTO,UPGRADE,GPE-2025-027,SEM 44,PRESENCIAL,FULL TIME,CERRADO,31/10/2025,202510,,,12/11/2025,-2 dias,18/11/2025,10,10,33,20,202511,RYS 202510,,,
CLARO PERU RETENCIONES,RECLUTAMIENTO,RETENCIONES INBOUND,GPE-2025-033,SEM 45,REMOTO,FULL TIME,CERRADO,7/11/2025,202511,,,18/11/2025,,24/11/2025,8,8,20,13,202511,RYS 202511,,,
CLARO PERU RETENCIONES,RECLUTAMIENTO,RETENCIONES INBOUND,GPE-2025-034,SEM 45,REMOTO,FULL TIME,CERRADO,7/11/2025,202511,,,18/11/2025,,24/11/2025,8,8,20,13,202511,RYS 202511,,,
CLARO PERU OUT,RECLUTAMIENTO,MIGRACIONES ESPECIALES - OUT,GPE-2025-023,SEM 45,PRESENCIAL,FULL TIME,CERRADO,7/11/2025,202511,,,18/11/2025,,26/11/2025,7,7,23,14,202511,RYS 202511,,,
CLARO PERU RETENCIONES,RECLUTAMIENTO,CONTACTADOS,GPE-2025-042,SEM 45,REMOTO,FULL TIME,CERRADO,7/11/2025,202511,,,18/11/2025,,24/11/2025,13,13,32,21,202511,RYS 202511,,,
CLARO PERU RETENCIONES,TRASLADO,CONSULTA PREVIA,GPE-2025-042X,SEM 45,REMOTO,FULL TIME,CERRADO,7/11/2025,202511,,,24/11/2025,,29/11/2025,0,0,0,0,202511,CANCELADO,,,
CLARO PERU RETENCIONES,RECLUTAMIENTO,CONTACTADOS,GPE-2025-043,SEM 45,REMOTO,FULL TIME,CERRADO,7/11/2025,202511,,,18/11/2025,,24/11/2025,12,12,30,20,202511,RYS 202511,,,
CLARO PERU OUT,RECLUTAMIENTO,UPGRADE,GPE-2025-028,SEM 45,PRESENCIAL,FULL TIME,CERRADO,7/11/2025,202511,,,18/11/2025,,26/11/2025,10,10,33,20,202511,RYS 202511,,,
CLARO CHILE,RECLUTAMIENTO,POSTPAGO,GPE-2025-1000,SEM 45,PRESENCIAL,FULL TIME,CERRADO,8/11/2025,202511,,,21/11/2025,,28/11/2025,8,8,14,11,202511,RYS 202511,,,
CLARO CHILE,RECLUTAMIENTO,TUVES,GPE-2025-002,SEM 45,PRESENCIAL,FULL TIME,CERRADO,8/11/2025,202511,,,,,15/11/2025,10,10,25,16,202511,RYS 202511,,,
LIPIGAS,CANCELADO,LIPIGAS TPE,,SEM 45,PRESENCIAL,FULL TIME,CERRADO,8/11/2025,202511,,,18/11/2025,,18/11/2025,10,10,50,25,202511,CANCELADO,,,
CLARO PERU RETENCIONES,OPERACIONES,CONTACTADOS,GPOP-2025-004,SEM 46,REMOTO,FULL TIME,CERRADO,12/11/25,202511,,-1 dias,21/11/2025,,27/11/2025,15,15,37,25,202511,OPE 202511,,,
CLARO PERU RETENCIONES,RECLUTAMIENTO,CONTACTADOS,GPE-2025-044,SEM 46,REMOTO,FULL TIME,CERRADO,14/11/2025,202511,,,25/11/2025,,1/12/2025,16,16,40,26,202512,RYS 202511,,,
CLARO PERU OUT,RECLUTAMIENTO,MIGRACIONES ESPECIALES - OUT,GPE-2025-024,SEM 46,REMOTO,FULL TIME,CERRADO,14/11/2025,202511,,,25/11/2025,2 dias,5/12/2025,16,16,53,32,202512,RYS 202511,,,
CLARO PERU OUT,RECLUTAMIENTO,MULTISERVICIOS,GPE-2025-024XX,SEM 46,REMOTO,FULL TIME,CERRADO,14/11/2025,202511,,,22/11/2025,4 dias,5/12/2025,0,0,0,0,202512,RYS 202511,,,
CLARO PERU RETENCIONES,RECLUTAMIENTO,CONTACTADOS,GPE-2025-045,SEM 46,PRESENCIAL,FULL TIME,CERRADO,14/11/2025,202511,,,25/11/2025,,1/12/2025,8,8,20,13,202512,RYS 202511,,,
CLARO PERU RETENCIONES,RECLUTAMIENTO,CONTACTADOS,GPE-2025-046,SEM 46,PRESENCIAL,FULL TIME,CERRADO,14/11/2025,202511,,,25/11/2025,,1/12/2025,8,8,20,13,202512,RYS 202511,,,
LIPIGAS,RECLUTAMIENTO,LIPIGAS SAC,GPE-2025-184,SEM 46,PRESENCIAL,FULL TIME,CERRADO,14/11/2025,202511,,,3/12/2025,2 dias,5/12/2025,10,10,50,25,202512,RYS 202511,,,
CLARO CHILE,RECLUTAMIENTO,POSTPAGO,GPE-2025-1001,SEM 46,PRESENCIAL,FULL TIME,CERRADO,15/11/2025,202511,,,28/11/2025,,5/12/2025,10,10,18,14,202512,RYS 202511,,,
CLARO PERU RETENCIONES,RECLUTAMIENTO,RETENCIONES INBOUND,GPE-2025-035,SEM 47,PRESENCIAL,FULL TIME,CERRADO,21/11/2025,202511,08:00 - 19:00,,2/12/2025,,10/12/2025,8,8,20,13,202512,RYS 202511,,,
CLARO PERU RETENCIONES,RECLUTAMIENTO,CONTACTADOS,GPE-2025-047,SEM 47,REMOTO,FULL TIME,CERRADO,21/11/2025,202511,11:00 - 22:00,,2/12/2025,,10/12/2025,12,12,30,20,202512,RYS 202511,,,
CLARO PERU RETENCIONES,RECLUTAMIENTO,CONTACTADOS,GPE-2025-048,SEM 47,REMOTO,FULL TIME,CERRADO,21/11/2025,202511,11:00 - 22:00,,2/12/2025,,10/12/2025,13,13,32,21,202512,RYS 202511,,,
CLARO PERU OUT,RECLUTAMIENTO,RENOVACIONES ESPECIALES - OUT,GPE-2025-020,SEM 47,REMOTO,FULL TIME,CERRADO,21/11/2025,202511,09:00 - 18:00,,4/12/2025,,15/12/2025,10,10,33,20,202512,RYS 202511,,,
CLARO PERU,RECLUTAMIENTO,CLARO POSTPAGO,GPE-2025-001,SEM 47,REMOTO,FULL TIME,CERRADO,22/11/2025,202511,06:00-17:00,,29/12/2025,,5/01/2026,15,15,37,25,202601,RYS 202511,,,
CLARO PERU,RECLUTAMIENTO,CLARO POSTPAGO,GPE-2025-002,SEM 47,REMOTO,FULL TIME,CERRADO,22/11/2025,202511,13:00-00:00,,29/12/2025,,5/01/2026,15,15,37,25,202601,RYS 202511,,,
CLARO CHILE,RECLUTAMIENTO,POSTPAGO,GPE-2025-1002,SEM 47,PRESENCIAL,FULL TIME,CERRADO,22/11/2025,202511,08:00 - 19:00,,5/12/2025,,15/12/2025,7,7,12,10,202512,RYS 202511,,,
CLARO PERU,RECLUTAMIENTO,CLARO POSTPAGO,GPE-2025-003,SEM 48,REMOTO,FULL TIME,CERRADO,28/11/2025,202511,08:00-19:00,,29/12/2025,,5/01/2026,15,15,37,25,202601,RYS 202511,,,
CLARO PERU OUT,RECLUTAMIENTO,RENOVACIONES ESPECIALES - WSP,GPE-2025-025,SEM 48,REMOTO,FULL TIME,CERRADO,28/11/2025,202511,09:00 - 18:00,,13/12/2025,,22/12/2025,8,8,26,16,202512,RYS 202511,,,
CLARO PERU RETENCIONES,RECLUTAMIENTO,CONTACTADOS,GPE-2025-049,SEM 48,REMOTO,FULL TIME,CERRADO,28/11/2025,202511,11:00 - 22:00,,11/12/2025,,17/12/2025,13,13,32,21,202512,RYS 202511,,,
CLARO PERU RETENCIONES,RECLUTAMIENTO,CONTACTADOS,GPE-2025-050,SEM 48,REMOTO,FULL TIME,CERRADO,28/11/2025,202511,11:00 - 22:00,,11/12/2025,,17/12/2025,12,12,30,20,202512,RYS 202511,,,
CLARO PERU RETENCIONES,RECLUTAMIENTO,RETENCIONES INBOUND,GPE-2025-036,SEM 48,PRESENCIAL,FULL TIME,CERRADO,29/11/2025,202511,08:00 - 19:00,,12/12/2025,,18/12/2025,8,8,20,13,202512,RYS 202511,,,
CLARO CHILE,RECLUTAMIENTO,POSTPAGO,GPE-2025-1003,SEM 48,PRESENCIAL,FULL TIME,CERRADO,29/11/2025,202511,12:00 - 22:00,,15/12/2025,,22/12/2025,10,10,18,14,202512,RYS 202511,,,
CLARO PERU,RECLUTAMIENTO,CLARO POSTPAGO,GPE-2025-004,SEM 49,REMOTO,FULL TIME,CERRADO,5/12/25,202512,10:00-21:00,,20/12/2025,1 dias,29/12/2025,10,10,25,16,202512,RYS 202512,,,
CLARO PERU RETENCIONES,TRASLADO,CONSULTA PREVIA,GPE-2025-051X,SEM 49,REMOTO,FULL TIME,CERRADO,5/12/25,202512,09:00 - 20:00,,24/12/2025,,31/12/2025,0,0,0,0,202512,CANCELADO,,,
CLARO PERU RETENCIONES,RECLUTAMIENTO,CONTACTADOS,GPE-2025-051,SEM 49,REMOTO,FULL TIME,CERRADO,5/12/25,202512,09:00 - 20:00,,24/12/2025,,31/12/2025,8,8,20,13,202512,RYS 202512,,,
CLARO PERU RETENCIONES,RECLUTAMIENTO,CONTACTADOS,GPE-2025-052,SEM 49,REMOTO,FULL TIME,CERRADO,5/12/25,202512,09:00 - 20:00,,24/12/2025,,31/12/2025,8,8,20,13,202512,RYS 202512,,,
CLARO PERU OUT,RECLUTAMIENTO,MIGRACIONES ESPECIALES - OUT,GPE-2025-025,SEM 49,REMOTO,FULL TIME,CERRADO,5/12/25,202512,09:00 - 18:00,,18/12/2025,1 dias,29/12/2025,22,22,73,44,202512,RYS 202512,,,
CLARO PERU OUT,RECLUTAMIENTO,OLAS,GPE-2025-010,SEM 49,REMOTO,FULL TIME,CERRADO,5/12/25,202512,09:00 - 18:00,,16/12/2025,,24/12/2025,10,10,33,20,202512,RYS 202512,,,
CLARO PERU OUT,TRASLADO,UPGRADE,GPE-2025-025X,SEM 49,REMOTO,FULL TIME,CERRADO,5/12/25,202512,09:00 - 18:00,,18/12/2025,1 dias,29/12/2025,0,0,0,0,202512,CANCELADO,,,
CLARO PERU OUT,RECLUTAMIENTO,UPGRADE,GPE-2025-029,SEM 49,REMOTO,FULL TIME,CERRADO,5/12/25,202512,09:00 - 18:00,,18/12/2025,1 dias,29/12/2025,9,9,30,18,202512,RYS 202512,,,
CLARO CHILE,RECLUTAMIENTO,POSTPAGO,GPE-2025-1004,SEM 49,PRESENCIAL,FULL TIME,CERRADO,6/12/25,202512,09:00 - 19:00,,22/12/2025,,30/12/2025,7,7,12,10,202512,RYS 202512,,,
CLARO CHILE,RECLUTAMIENTO,POSTPAGO,GPE-2025-1005,SEM 49,PRESENCIAL,FULL TIME,CERRADO,6/12/25,202512,09:00 - 19:00,,22/12/2025,,30/12/2025,7,7,12,10,202512,RYS 202512,,,
CLARO CHILE,RECLUTAMIENTO,TUVES,GPE-2025-003,SEM 49,PRESENCIAL,FULL TIME,CERRADO,6/12/25,202512,07:00 - 17:00,,,-2 dias,13/12/2025,6,6,15,10,202512,RYS 202512,,,
CLARO PERU,RECLUTAMIENTO,CLARO POSTPAGO,GPE-2025-005,SEM 50,REMOTO,FULL TIME,CERRADO,13/12/25,202512,08:00-18:00,,27/12/2025,,3/01/2026,15,15,37,25,202601,RYS 202512,,,
CLARO PERU RETENCIONES,RECLUTAMIENTO,RETENCIONES INBOUND,GPE-2025-037,SEM 50,REMOTO,FULL TIME,CERRADO,13/12/25,202512,12:00 - 22:00,,31/12/2025,,7/01/2026,13,13,32,21,202601,RYS 202512,,,
CLARO PERU RETENCIONES,RECLUTAMIENTO,CONTACTADOS,GPE-2025-053,SEM 50,REMOTO,FULL TIME,CERRADO,13/12/25,202512,12:00 - 22:00,,31/12/2025,,7/01/2026,16,16,40,26,202601,RYS 202512,,,
CLARO PERU RETENCIONES,RECLUTAMIENTO,RETENCIONES INBOUND,GPE-2025-038,SEM 50,REMOTO,FULL TIME,CERRADO,13/12/25,202512,12:00 - 22:00,,31/12/2025,,7/01/2026,12,12,30,20,202601,RYS 202512,,,
CLARO CHILE,RECLUTAMIENTO,POSTPAGO,GPE-2025-1006,SEM 50,PRESENCIAL,FULL TIME,CERRADO,13/12/25,202512,06:00 - 16:00,,27/12/2025,,5/01/2026,12,12,21,17,202601,RYS 202512,,,
CLARO PERU,TRASLADO,CLARO POSTPAGO,GPE-2025-007,SEM 51,REMOTO,FULL TIME,CERRADO,19/12/25,202512,08:00-19:00,-4 dias,29/12/2025,,5/01/2026,0,0,0,0,202601,CANCELADO,,,
CLARO PERU RETENCIONES,RECLUTAMIENTO,CONSULTA PREVIA,GPE-2025-006,SEM 51,REMOTO,FULL TIME,CERRADO,19/12/25,202512,09:00 - 19:00,,7/01/2026,,13/01/2026,16,16,40,26,202601,RYS 202512,,,
CLARO PERU RETENCIONES,TRASLADO,CONTACTADOS,GPE-2025-006X,SEM 51,REMOTO,FULL TIME,CERRADO,19/12/25,202512,09:00 - 19:00,,7/01/2026,,13/01/2026,0,0,0,0,202601,CANCELADO,,,
CLARO PERU RETENCIONES,RECLUTAMIENTO,CONTACTADOS,GPE-2025-054,SEM 51,REMOTO,FULL TIME,CERRADO,19/12/25,202512,12:00 - 22:00,,7/01/2026,,13/01/2026,16,16,40,26,202601,RYS 202512,,,
CLARO PERU,TRASLADO,CLOSE THE LOOP,GPE-2025-007X,SEM 51,REMOTO,FULL TIME,CERRADO,19/12/25,202512,08:00-19:00,-6 dias,29/12/2025,-1 dias,5/01/2026,0,0,0,0,202601,CANCELADO,,,
CLARO PERU,RECLUTAMIENTO,CLARO POSTPAGO,GPE-2025-006,SEM 51,REMOTO,FULL TIME,CERRADO,20/12/25,202512,08:00-19:00,-2 dias,5/01/2026,,12/01/2026,10,10,25,16,202601,RYS 202512,,,
CLARO CHILE,RECLUTAMIENTO,POSTPAGO,GPE-2025-1008,SEM 51,PRESENCIAL,FULL TIME,CERRADO,20/12/25,202512,12:00 - 22:00,,5/01/2026,,12/01/2026,7,7,12,10,202601,RYS 202512,,,
CLARO CHILE,RECLUTAMIENTO,POSTPAGO,GPE-2025-1009,SEM 51,PRESENCIAL,FULL TIME,CERRADO,20/12/25,202512,12:00 - 22:00,,5/01/2026,,12/01/2026,7,7,12,10,202601,RYS 202512,,,
LIPIGAS,RECLUTAMIENTO,LIPIGAS SAC,GPE-2025-186,SEM 51,PRESENCIAL,FULL TIME,CERRADO,20/12/25,202512,09:00 - 18:00,1 dias,,2 dias,14/01/2026,10,10,50,25,202601,RYS 202512,,,
LIPIGAS,CANCELADO,LIPIGAS TPE,GPE-2025-185,SEM 51,PRESENCIAL,FULL TIME,CERRADO,20/12/25,202512,,,,,31/12/2025,10,10,50,25,202512,CANCELADO,,,
CLARO PERU OUT,RECLUTAMIENTO,UPGRADE,GPE-2025-030,SEM 51,REMOTO,FULL TIME,CERRADO,20/12/25,202512,09:00 - 18:00,,30/12/2025,,8/01/2026,10,10,33,20,202601,RYS 202512,,,
CLARO PERU,RECLUTAMIENTO,CLARO POSTPAGO,GPE-2025-008,SEM 52,REMOTO,FULL TIME,CERRADO,26/12/25,202512,06:00-16:00,-2 dias,9/01/2026,2 dias,19/01/2026,10,10,25,16,202601,RYS 202512,,,
CLARO PERU RETENCIONES,RECLUTAMIENTO,RETENCIONES INBOUND,GPE-2025-039,SEM 52,REMOTO,FULL TIME,CERRADO,27/12/25,202512,12:00 - 22:00,,14/01/2026,,20/01/2026,13,13,32,21,202601,RYS 202512,,,
CLARO PERU OUT,RECLUTAMIENTO,RENOVACIONES ESPECIALES - WSP,GPE-2025-026,SEM 52,REMOTO,FULL TIME,CERRADO,27/12/25,202512,,,7/01/2026,,15/01/2026,8,8,26,16,202601,RYS 202512,,,
CLARO PERU RETENCIONES,RECLUTAMIENTO,RETENCIONES INBOUND,GPE-2025-040,SEM 52,REMOTO,FULL TIME,CERRADO,27/12/25,202512,12:00 - 22:00,,14/01/2026,,20/01/2026,12,12,30,20,202601,RYS 202512,,,
CLARO PERU OUT,RECLUTAMIENTO,RENOVACIONES ESPECIALES - OUT,GPE-2025-021,SEM 52,REMOTO,FULL TIME,CERRADO,27/12/25,202512,,,7/01/2026,,15/01/2026,12,12,40,24,202601,RYS 202512,,,
CLARO PERU RETENCIONES,RECLUTAMIENTO,CONTACTADOS,GPE-2025-055,SEM 52,REMOTO,FULL TIME,CERRADO,27/12/25,202512,12:00 - 22:00,,14/01/2026,2 dias,22/01/2026,16,16,40,26,202601,RYS 202512,,,
CLARO CHILE,RECLUTAMIENTO,POSTPAGO,GPE-2025-1010,SEM 52,PRESENCIAL,FULL TIME,CERRADO,27/12/25,202512,,,10/01/2026,,17/01/2026,14,14,25,20,202601,RYS 202512,,,
LIPIGAS,RECLUTAMIENTO,LIPIGAS SAC,GPE-2025-187,SEM 52,PRESENCIAL,FULL TIME,CERRADO,27/12/25,202512,,,,2 dias,19/01/2026,12,12,60,30,202601,RYS 202512,,,
CLARO PERU OUT,TRASLADO,RENOVACIONES ESPECIALES - OUT,GPE-2025-026X,SEM 52,REMOTO,FULL TIME,CERRADO,27/12/25,202512,,,7/01/2026,5 dias,21/01/2026,0,0,0,0,202601,CANCELADO,,,
CLARO PERU OUT,TRASLADO,OLAS,GPE-2026001X,SEM 1,PRESENCIAL,FULL TIME,CERRADO,2/1/26,202601,,,10/01/2026,,19/01/2026,0,0,0,0,202601,CANCELADO,,,
CLARO PERU,RECLUTAMIENTO,CLARO POSTPAGO,GPE-2026001,SEM 1,REMOTO,FULL TIME,CERRADO,3/1/26,202601,06:00-16:00,-1 dias,16/01/2026,1 dias,23/01/2026,15,15,37,25,202601,RYS 202601,,,
CLARO PERU RETENCIONES,TRASLADO,RETENCIONES INBOUND,GPE-2026001X,SEM 1,PRESENCIAL,FULL TIME,CERRADO,3/1/26,202601,,9 dias,28/01/2026,-4 dias,29/01/2026,0,0,0,0,202601,CANCELADO,,,
CLARO PERU RETENCIONES,RECLUTAMIENTO,MI CLARO,GPE-2026001,SEM 1,PRESENCIAL,FULL TIME,CERRADO,3/1/26,202601,,-3 dias,13/01/2026,,19/01/2026,8,8,20,13,202601,RYS 202601,,,
CLARO PERU,RECLUTAMIENTO,CLARO POSTPAGO,GPE-2026002,SEM 1,REMOTO,FULL TIME,CERRADO,3/1/26,202601,06:00-16:00,-1 dias,16/01/2026,1 dias,23/01/2026,15,15,37,25,202601,RYS 202601,,,
CLARO PERU OUT,RECLUTAMIENTO,RENOVACIONES ESPECIALES - WSP,GPE-2026001,SEM 1,REMOTO,FULL TIME,CERRADO,3/1/26,202601,,,13/01/2026,1 dias,22/01/2026,6,6,20,12,202601,RYS 202601,,,
CLARO PERU,TRASLADO,CLARO POSTPAGO - CROSS,GPE-2026001X,SEM 1,PRESENCIAL,FULL TIME,CERRADO,3/1/26,202601,,,13/01/2026,,21/01/2026,0,0,0,0,202601,CANCELADO,,,
CLARO CHILE,RECLUTAMIENTO,POSTPAGO,GPE-2026001,SEM 1,PRESENCIAL,FULL TIME,CERRADO,3/1/26,202601,,,16/01/2026,,23/01/2026,7,7,12,10,202601,RYS 202601,,,
CLARO CHILE,RECLUTAMIENTO,POSTPAGO,GPE-2026002,SEM 1,PRESENCIAL,FULL TIME,CERRADO,3/1/26,202601,,,16/01/2026,,23/01/2026,7,7,12,10,202601,RYS 202601,,,
CLARO PERU OUT,RECLUTAMIENTO,RENOVACIONES ESPECIALES - OUT,GPE-2026001,SEM 1,PRESENCIAL,FULL TIME,CERRADO,3/1/26,202601,,,13/01/2026,-7 dias,13/01/2026,8,8,26,16,202601,RYS 202601,,,
CLARO PERU OUT,RECLUTAMIENTO,UPGRADE,GPE-2026001,SEM 1,PRESENCIAL,FULL TIME,CERRADO,3/1/26,202601,,,12/01/2026,,20/01/2026,6,6,20,12,202601,RYS 202601,,,
CLARO PERU OUT,TRASLADO,RENOVACIONES ESPECIALES - OUT,GPE-2026001X,SEM 1,PRESENCIAL,FULL TIME,CERRADO,3/1/26,202601,,,13/01/2026,,21/01/2026,0,0,0,0,202601,CANCELADO,,,
CLARO PERU,RECLUTAMIENTO,CLARO POSTPAGO,GPE-2026003,SEM 2,REMOTO,FULL TIME,CERRADO,9/1/26,202601,14:00-00:00,,23/01/2026,,29/01/2026,15,15,37,25,202601,RYS 202601,,,
CLARO PERU,RECLUTAMIENTO,CLARO POSTPAGO,GPE-2026004,SEM 2,REMOTO,FULL TIME,CERRADO,9/1/26,202601,14:00-00:00,,23/01/2026,,29/01/2026,15,15,37,25,202601,RYS 202601,,,
CLARO PERU,RECLUTAMIENTO,CLARO POSTPAGO,GPE-20260051,SEM 2,REMOTO,FULL TIME,CERRADO,9/1/26,202601,06:00-17:00,-1 dias,22/01/2026,3 dias,31/01/2026,8,8,20,13,202601,RYS 202601,,,
CLARO PERU,RECLUTAMIENTO,CLARO POSTPAGO,GPE-20260052,SEM 2,REMOTO,FULL TIME,CERRADO,9/1/26,202601,06:00-17:00,-1 dias,22/01/2026,3 dias,31/01/2026,7,7,17,11,202601,RYS 202601,,,
CLARO PERU RETENCIONES,RECLUTAMIENTO,RETENCIONES INBOUND,GPE-2026001,SEM 2,REMOTO,FULL TIME,CERRADO,9/1/26,202601,11:00 - 21:00,,23/01/2026,,29/01/2026,13,13,32,21,202601,RYS 202601,,,
CLARO PERU RETENCIONES,RECLUTAMIENTO,CONTACTADOS,GPE-2026001,SEM 2,REMOTO,FULL TIME,CERRADO,9/1/26,202601,12:00 - 22:00,,26/01/2026,,31/01/2026,8,8,20,13,202601,RYS 202601,,,
CLARO PERU RETENCIONES,RECLUTAMIENTO,CONTACTADOS,GPE-2026002,SEM 2,REMOTO,FULL TIME,CERRADO,9/1/26,202601,12:00 - 22:00,,26/01/2026,,31/01/2026,8,8,20,13,202601,RYS 202601,,,
CLARO PERU RETENCIONES,OPERACIONES,PREVENTIVA - OUT,GPOP-2026001,SEM 2,PRESENCIAL,FULL TIME,CERRADO,9/1/26,202601,,,26/01/2026,,31/01/2026,0,0,0,0,202601,OPE 202601,,,
CLARO PERU RETENCIONES,RECLUTAMIENTO,RETENCIONES INBOUND,GPE-2026002,SEM 2,REMOTO,FULL TIME,CERRADO,9/1/26,202601,11:00 - 21:00,,23/01/2026,,29/01/2026,12,12,30,20,202601,RYS 202601,,,
CLARO CHILE,OPERACIONES,TUVES,GPOP-2026001,SEM 2,PRESENCIAL,FULL TIME,CERRADO,9/1/26,202601,,-3 dias,,,13/01/2026,0,0,0,0,202601,OPE 202601,,,
CLARO CHILE,RECLUTAMIENTO,POSTPAGO,GPE-2026003,SEM 2,PRESENCIAL,FULL TIME,CERRADO,10/1/26,202601,,,23/01/2026,,30/01/2026,4,4,7,5,202601,RYS 202601,,,
CLARO CHILE,RECLUTAMIENTO,POSTPAGO,GPE-2026004,SEM 2,PRESENCIAL,FULL TIME,CERRADO,10/1/26,202601,,,23/01/2026,,30/01/2026,4,4,7,5,202601,RYS 202601,,,
LIPIGAS,CANCELADO,LIPIGAS TPE,,SEM 2,PRESENCIAL,FULL TIME,CERRADO,10/1/26,202601,,,,,20/01/2026,10,10,50,25,202601,CANCELADO,,,
CLARO PERU,RECLUTAMIENTO,CLARO POSTPAGO,GPE-20260061,SEM 3,REMOTO,FULL TIME,CERRADO,16/1/26,202601,06:00-17:00,-1 dias,29/01/2026,3 dias,7/02/2026,8,8,20,13,202602,RYS 202601,,,
CLARO PERU,RECLUTAMIENTO,CLARO POSTPAGO,GPE-20260062,SEM 3,REMOTO,FULL TIME,CERRADO,16/1/26,202601,06:00-17:00,-1 dias,29/01/2026,4 dias,9/02/2026,7,7,17,11,202602,RYS 202601,,,
CLARO PERU,RECLUTAMIENTO,CLARO POSTPAGO,GPE-20260071,SEM 3,REMOTO,FULL TIME,CERRADO,16/1/26,202601,13:00-23:00,-1 dias,29/01/2026,4 dias,9/02/2026,8,8,20,13,202602,RYS 202601,,,
CLARO PERU,RECLUTAMIENTO,CLARO POSTPAGO,GPE-20260072,SEM 3,REMOTO,FULL TIME,CERRADO,16/1/26,202601,13:00-23:00,-1 dias,29/01/2026,4 dias,9/02/2026,7,7,17,11,202602,RYS 202601,,,
CLARO PERU RETENCIONES,RECLUTAMIENTO,RETENCIONES INBOUND,GPE-2026003,SEM 3,REMOTO,FULL TIME,CERRADO,16/1/26,202601,09:00 - 19:00,,30/01/2026,3 dias,9/02/2026,10,10,25,16,202602,RYS 202601,,,
CLARO PERU RETENCIONES,RECLUTAMIENTO,CONTACTADOS,GPE-2026003,SEM 3,REMOTO,FULL TIME,CERRADO,16/1/26,202601,12:00 - 22:00,,2/02/2026,,7/02/2026,16,16,40,26,202602,RYS 202601,,,
CLARO PERU RETENCIONES,CANCELADO,PREVENTIVA - OUT,,SEM 3,REMOTO,FULL TIME,CERRADO,16/1/26,202601,,,2/02/2026,,7/02/2026,10,10,25,16,202602,CANCELADO,,,
CLARO PERU RETENCIONES,OPERACIONES,RETENCIONES INBOUND,GPOP-2026001,SEM 3,REMOTO,FULL TIME,CERRADO,16/1/26,202601,,-2 dias,28/01/2026,-4 dias,29/01/2026,0,0,0,0,202601,OPE 202601,,,
CLARO PERU RETENCIONES,OPERACIONES,RETENCIONES INBOUND,GPOP-2026002,SEM 3,REMOTO,FULL TIME,CERRADO,16/1/26,202601,,8 dias,9/02/2026,2 dias,17/02/2026,0,0,0,0,202602,OPE 202601,,,
LIPIGAS,CANCELADO,LIPIGAS TPE,,SEM 3,PRESENCIAL,FULL TIME,CERRADO,16/1/26,202601,,,,,26/01/2026,10,10,50,25,202601,CANCELADO,,,
CLARO CHILE,CANCELADO,TUVES,,SEM 3,PRESENCIAL,FULL TIME,CERRADO,16/1/26,202601,,,,,23/01/2026,10,10,25,16,202601,CANCELADO,,,
CLARO PERU OUT,RECLUTAMIENTO,MIGRACIONES ESPECIALES - OUT,GPE-2026001,SEM 3,REMOTO,FULL TIME,CERRADO,17/1/26,202601,,,26/01/2026,-1 dias,2/02/2026,12,12,40,24,202602,RYS 202601,,,
CLARO PERU OUT,TRASLADO,MULTISERVICIOS,GPE-2026001X,SEM 3,REMOTO,FULL TIME,CERRADO,17/1/26,202601,,,26/01/2026,-1 dias,2/02/2026,0,0,0,0,202602,CANCELADO,,,
CLARO PERU OUT,CANCELADO,OLAS,,SEM 3,PRESENCIAL,FULL TIME,CERRADO,17/1/26,202601,,,26/01/2026,,3/02/2026,6,6,20,12,202602,CANCELADO,,,
CLARO CHILE,RECLUTAMIENTO,POSTPAGO,GPE-2026005,SEM 3,PRESENCIAL,FULL TIME,CERRADO,17/1/26,202601,,,30/01/2026,,6/02/2026,8,8,14,11,202602,RYS 202601,,,
CLARO PERU OUT,RECLUTAMIENTO,UPGRADE,GPE-2026002,SEM 3,REMOTO,FULL TIME,CERRADO,17/1/26,202601,,,26/01/2026,,3/02/2026,12,12,40,24,202602,RYS 202601,,,
CLARO PERU RETENCIONES,RECLUTAMIENTO,RETENCIONES INBOUND,GPE-2026004,SEM 4,REMOTO,FULL TIME,CERRADO,20/1/26,202601,13:00-00:00,1 dias,4/02/2026,5 dias,16/02/2026,12,12,30,20,202602,RYS 202601,,,
CLARO PERU,RECLUTAMIENTO,CLARO POSTPAGO,GPE-2026008-1,SEM 4,REMOTO,FULL TIME,CERRADO,23/1/26,202601,13:00-00:00,,7/02/2026,9 dias,25/02/2026,8,8,20,13,202602,RYS 202601,,,
CLARO PERU,RECLUTAMIENTO,CLARO POSTPAGO,GPE-2026008-2,SEM 4,REMOTO,FULL TIME,CERRADO,23/1/26,202601,13:00-00:00,,7/02/2026,9 dias,25/02/2026,7,7,17,11,202602,RYS 202601,,,
CLARO PERU RETENCIONES,RECLUTAMIENTO,CONTACTADOS,GPE-2026004,SEM 4,REMOTO,FULL TIME,CERRADO,23/1/26,202601,,,9/02/2026,,14/02/2026,16,16,40,26,202602,RYS 202601,,,
CLARO CHILE,RECLUTAMIENTO,POSTPAGO,GPE-2026006,SEM 4,PRESENCIAL,FULL TIME,CERRADO,24/1/26,202601,,,6/02/2026,,13/02/2026,7,7,12,10,202602,RYS 202601,,,
CLARO CHILE,RECLUTAMIENTO,POSTPAGO,GPE-2026007,SEM 4,PRESENCIAL,FULL TIME,CERRADO,24/1/26,202601,,,6/02/2026,,13/02/2026,7,7,12,10,202602,RYS 202601,,,
LIPIGAS,RECLUTAMIENTO,LIPIGAS TPE,GPE-2026001,SEM 4,PRESENCIAL,FULL TIME,CERRADO,24/1/26,202601,,,,6 dias,10/02/2026,10,10,50,25,202602,RYS 202601,,,
CLARO PERU OUT,RECLUTAMIENTO,UPGRADE,GPE-2026003,SEM 4,REMOTO,FULL TIME,CERRADO,24/1/26,202601,,,2/02/2026,,10/02/2026,16,16,53,32,202602,RYS 202601,,,
CLARO PERU OUT,RECLUTAMIENTO,RENOVACIONES ESPECIALES - OUT,GPE-2026002,SEM 4,REMOTO,FULL TIME,CERRADO,24/1/26,202601,,,3/02/2026,,11/02/2026,16,16,53,32,202602,RYS 202601,,,
CLARO PERU,RECLUTAMIENTO,CLARO POSTPAGO,GPE-2026009,SEM 5,REMOTO,FULL TIME,CERRADO,30/1/26,202601,10:00-21:00,,14/02/2026,3 dias,25/02/2026,15,15,37,25,202602,RYS 202601,,,
CLARO PERU,RECLUTAMIENTO,CLARO POSTPAGO,GPE-2026010,SEM 5,REMOTO,FULL TIME,CERRADO,30/1/26,202601,10:00-21:00,,14/02/2026,3 dias,25/02/2026,15,15,37,25,202602,RYS 202601,,,
CLARO PERU,RECLUTAMIENTO,CLARO POSTPAGO,GPE-2026011,SEM 5,REMOTO,FULL TIME,CERRADO,30/1/26,202601,15:00-00:00,,14/02/2026,3 dias,25/02/2026,15,15,37,25,202602,RYS 202601,,,
CLARO PERU RETENCIONES,RECLUTAMIENTO,RETENCIONES INBOUND,GPE-2026005,SEM 5,PRESENCIAL,FULL TIME,CERRADO,30/1/26,202601,,,16/02/2026,,21/02/2026,6,6,15,10,202602,RYS 202601,,,
CLARO PERU RETENCIONES,RECLUTAMIENTO,CONTACTADOS,GPE-2026005,SEM 5,PRESENCIAL,FULL TIME,CERRADO,30/1/26,202601,,,16/02/2026,,21/02/2026,6,6,15,10,202602,RYS 202601,,,
CLARO PERU OUT,RECLUTAMIENTO,RENOVACIONES ESPECIALES - WSP,GPE-2026002,SEM 5,REMOTO,FULL TIME,CERRADO,31/1/26,202601,,,10/02/2026,,18/02/2026,16,16,53,32,202602,RYS 202601,,,
CLARO PERU OUT,TRASLADO,MULTISERVICIOS,GPE-2026002X,SEM 5,REMOTO,FULL TIME,CERRADO,31/1/26,202601,,,9/02/2026,,17/02/2026,0,0,0,0,202602,CANCELADO,,,
CLARO PERU OUT,RECLUTAMIENTO,MIGRACIONES ESPECIALES - OUT,GPE-2026002,SEM 5,REMOTO,FULL TIME,CERRADO,31/1/26,202601,,,9/02/2026,,17/02/2026,15,15,50,30,202602,RYS 202601,,,
CLARO PERU OUT,TRASLADO,MULTISERVICIOS,GPE-2026002XX,SEM 5,REMOTO,FULL TIME,CERRADO,31/1/26,202601,,,9/02/2026,,17/02/2026,0,0,0,0,202602,CANCELADO,,,
CLARO PERU OUT,TRASLADO,RENOVACIONES ESPECIALES - OUT,GPE-2026002XX,SEM 5,REMOTO,FULL TIME,CERRADO,31/1/26,202601,,,10/02/2026,,18/02/2026,0,0,0,0,202602,CANCELADO,,,
CLARO PERU,RECLUTAMIENTO,CLARO POSTPAGO,GPE-2026012,SEM 6,PRESENCIAL,FULL TIME,CERRADO,6/2/26,202602,08:00 - 18:00,,21/02/2026,,28/02/2026,6,6,15,10,202602,RYS 202602,,,
CLARO PERU RETENCIONES,RECLUTAMIENTO,RETENCIONES INBOUND,GPE-2026008,SEM 6,PRESENCIAL,FULL TIME,CERRADO,6/2/26,202602,,,23/02/2026,,28/02/2026,6,6,15,10,202602,RYS 202602,,,
CLARO PERU,CANCELADO,CLARO POSTPAGO,GPE-2026013,SEM 6,PRESENCIAL,FULL TIME,CERRADO,6/2/26,202602,08:00 - 18:00,,21/02/2026,,28/02/2026,0,0,0,0,202602,CANCELADO,,,
CLARO PERU,RECLUTAMIENTO,CLARO POSTPAGO - CROSS,GPE-2026001,SEM 6,REMOTO,FULL TIME,CERRADO,6/2/26,202602,,1 dias,17/02/2026,-2 dias,23/02/2026,12,12,30,20,202602,RYS 202602,,,
CLARO PERU RETENCIONES,RECLUTAMIENTO,CONTACTADOS,GPE-2026013,SEM 6,REMOTO,FULL TIME,CERRADO,6/2/26,202602,,,23/02/2026,,28/02/2026,13,13,32,21,202602,RYS 202602,,,
CLARO PERU RETENCIONES,RECLUTAMIENTO,CONTACTADOS,GPE-2026014,SEM 6,REMOTO,FULL TIME,CERRADO,6/2/26,202602,,,23/02/2026,,28/02/2026,12,12,30,20,202602,RYS 202602,,,
CLARO PERU OUT,RECLUTAMIENTO,OLAS,GPE-2026001,SEM 6,REMOTO,FULL TIME,CERRADO,6/2/26,202602,,,14/02/2026,4 dias,27/02/2026,8,8,26,16,202602,RYS 202602,,,
CLARO PERU OUT,TRASLADO,OLAS,GPE-2026003X,SEM 6,REMOTO,FULL TIME,CERRADO,6/2/26,202602,,1 dias,16/02/2026,2 dias,26/02/2026,0,0,0,0,202602,CANCELADO,,,
CLARO PERU OUT,RECLUTAMIENTO,RENOVACIONES ESPECIALES - OUT,GPE-2026003,SEM 6,REMOTO,FULL TIME,CERRADO,6/2/26,202602,,,16/02/2026,,24/02/2026,8,8,26,16,202602,RYS 202602,,,
CLARO CHILE,RECLUTAMIENTO,POSTPAGO,GPE-2026008,SEM 6,PRESENCIAL,FULL TIME,CERRADO,7/2/26,202602,,,20/02/2026,,27/02/2026,10,10,18,14,202602,RYS 202602,,,
CLARO CHILE,RECLUTAMIENTO,TUVES BOLIVIA,GPE-2026001,SEM 6,PRESENCIAL,FULL TIME,CERRADO,7/2/26,202602,,,,1 dias,16/02/2026,12,12,30,20,202602,RYS 202602,,,
CLARO PERU RETENCIONES,OPERACIONES,PREVENTIVA - OUT,GPOP-2026002,SEM 7,PRESENCIAL,FULL TIME,CERRADO,11/2/26,202602,,,27/02/2026,,5/03/2026,10,10,0,0,202603,OPE 202602,,,
CLARO PERU,RECLUTAMIENTO,CLARO POSTPAGO,GPE-2026014,SEM 7,PRESENCIAL,FULL TIME,CERRADO,13/2/26,202602,08:00 - 18:00,10 dias,12/03/2026,8 dias,28/03/2026,6,6,15,10,202603,RYS 202602,,,
CLARO PERU,RECLUTAMIENTO,CLARO POSTPAGO,GPE-2026015,SEM 7,REMOTO,FULL TIME,CERRADO,13/2/26,202602,15:00-00:00,,28/02/2026,,7/03/2026,15,15,37,25,202603,RYS 202602,,,
CLARO PERU,RECLUTAMIENTO,CLARO POSTPAGO,GPE-2026016,SEM 7,REMOTO,FULL TIME,CERRADO,13/2/26,202602,14:00-00:00,,28/02/2026,,7/03/2026,15,15,37,25,202603,RYS 202602,,,
CLARO PERU,RECLUTAMIENTO,CLARO POSTPAGO - CROSS,GPE-2026002,SEM 7,REMOTO,FULL TIME,CERRADO,13/2/26,202602,,,23/02/2026,,27/02/2026,12,12,30,20,202602,RYS 202602,,,
CLARO PERU RETENCIONES,RECLUTAMIENTO,CONTACTADOS,GPE-2026015,SEM 7,REMOTO,FULL TIME,CERRADO,13/2/26,202602,,,2/03/2026,,7/03/2026,13,13,32,21,202603,RYS 202602,,,
CLARO PERU RETENCIONES,RECLUTAMIENTO,CONTACTADOS,GPE-2026016,SEM 7,REMOTO,FULL TIME,CERRADO,13/2/26,202602,,,2/03/2026,,7/03/2026,12,12,30,20,202603,RYS 202602,,,
CLARO PERU RETENCIONES,RECLUTAMIENTO,CONTACTADOS,GPE-2026017,SEM 7,PRESENCIAL,FULL TIME,CERRADO,13/2/26,202602,,,2/03/2026,,7/03/2026,6,6,15,10,202603,RYS 202602,,,
CLARO CHILE,RECLUTAMIENTO,ANULACIÓN,GPE-2026001,SEM 7,PRESENCIAL,FULL TIME,CERRADO,14/2/26,202602,,-6 dias,17/02/2026,,21/02/2026,12,12,30,20,202602,RYS 202602,,,
CLARO CHILE,RECLUTAMIENTO,BLINDAJE + BILLSHOCK,GPE-2026002,SEM 7,PRESENCIAL,FULL TIME,CERRADO,14/2/26,202602,,,24/02/2026,3 dias,4/03/2026,12,12,30,20,202603,RYS 202602,,,
CLARO CHILE,TRASLADO,BO CONTENCIÓN + ANULACIÓN,GPE-2026002X,SEM 7,PRESENCIAL,FULL TIME,CERRADO,14/2/26,202602,,,24/02/2026,-3 dias,25/02/2026,0,0,0,0,202602,CANCELADO,,,
CLARO CHILE,TRASLADO,BO TÉCNICO,GPE-2026002X,SEM 7,PRESENCIAL,FULL TIME,CERRADO,14/2/26,202602,,,24/02/2026,3 dias,4/03/2026,0,0,0,0,202603,CANCELADO,,,
CLARO CHILE,TRASLADO,ANULACIÓN,GPE-2026002X,SEM 7,PRESENCIAL,FULL TIME,CERRADO,14/2/26,202602,,,24/02/2026,4 dias,5/03/2026,0,0,0,0,202603,CANCELADO,,,
CLARO PERU OUT,RECLUTAMIENTO,UPGRADE,GPE-2026004,SEM 7,REMOTO,FULL TIME,CERRADO,14/2/26,202602,,,23/02/2026,,3/03/2026,16,16,53,32,202603,RYS 202602,,,
CLARO PERU,RECLUTAMIENTO,CLARO POSTPAGO,GPE-2026017,SEM 8,REMOTO,FULL TIME,CERRADO,20/2/26,202602,14:00-00:00,-2 dias,5/03/2026,1 dias,13/03/2026,0,0,0,0,202603,RYS 202602,,,
CLARO PERU RETENCIONES,RECLUTAMIENTO,RETENCIONES INBOUND,GPE-2026009,SEM 8,PRESENCIAL,FULL TIME,CERRADO,20/2/26,202602,,,9/03/2026,5 dias,20/03/2026,8,8,20,13,202603,RYS 202602,,,
CLARO PERU RETENCIONES,RECLUTAMIENTO,CONTACTADOS,GPE-2026018,SEM 8,PRESENCIAL,FULL TIME,CERRADO,20/2/26,202602,,,9/03/2026,1 dias,16/03/2026,12,12,30,20,202603,RYS 202602,,,
CLARO PERU OUT,RECLUTAMIENTO,MIGRACIONES ESPECIALES - OUT,GPE-2026003,SEM 8,REMOTO,FULL TIME,CERRADO,20/2/26,202602,,,28/02/2026,,9/03/2026,16,16,53,32,202603,RYS 202602,,,
CLARO PERU OUT,CANCELADO,RENOVACIONES ESPECIALES - WSP,,SEM 8,REMOTO,FULL TIME,CERRADO,20/2/26,202602,,,2/03/2026,,10/03/2026,6,6,0,0,202603,CANCELADO,,,
CLARO PERU OUT,RECLUTAMIENTO,RENOVACIONES ESPECIALES - OUT,GPE-2026004,SEM 8,REMOTO,FULL TIME,CERRADO,20/2/26,202602,,,2/03/2026,,10/03/2026,6,6,20,12,202603,RYS 202602,,,
CLARO CHILE,RECLUTAMIENTO,POSTPAGO,GPE-2026009,SEM 8,PRESENCIAL,FULL TIME,CERRADO,21/2/26,202602,,,6/03/2026,,13/03/2026,10,10,18,14,202603,RYS 202602,,,
CLARO CHILE,RECLUTAMIENTO,TUVES,GPE-2026002,SEM 8,PRESENCIAL,FULL TIME,CERRADO,21/2/26,202602,,,,,28/02/2026,0,0,0,0,202602,RYS 202602,,,
CLARO CHILE,RECLUTAMIENTO,BLINDAJE + BILLSHOCK,GPE-2026003,SEM 8,PRESENCIAL,FULL TIME,CERRADO,21/2/26,202602,,-1 dias,2/03/2026,-2 dias,4/03/2026,10,10,25,16,202603,RYS 202602,,,
CLARO CHILE,TRASLADO,BO TÉCNICO,GPE-2026003X,SEM 8,PRESENCIAL,FULL TIME,CERRADO,21/2/26,202602,,-1 dias,2/03/2026,-2 dias,4/03/2026,0,0,0,0,202603,CANCELADO,,,
CLARO CHILE,RECLUTAMIENTO,BO TÉCNICO,GPE-2026004,SEM 8,PRESENCIAL,FULL TIME,CERRADO,21/2/26,202602,,-1 dias,2/03/2026,-2 dias,4/03/2026,10,10,25,16,202603,RYS 202602,,,
LIPIGAS,OPERACIONES,LIPIGAS TPE,GPOP-2026001,SEM 9,REMOTO,FULL TIME,CERRADO,23/2/26,202602,,,,,4/03/2026,0,0,0,0,202603,OPE 202602,,,
CLARO PERU RETENCIONES,OPERACIONES,MI CLARO,GPOP-2026001,SEM 9,PRESENCIAL,FULL TIME,CERRADO,24/2/26,202602,,,9/03/2026,,14/03/2026,0,0,0,0,202603,OPE 202602,,,
CLARO CHILE,OPERACIONES,TUVES BOLIVIA,GPOP-2026001,SEM 9,PRESENCIAL,FULL TIME,CERRADO,24/2/26,202602,,,,,3/03/2026,0,0,0,0,202603,OPE 202602,,,
CLARO PERU,RECLUTAMIENTO,CLARO POSTPAGO,GPE-2026018-1,SEM 9,REMOTO,FULL TIME,CERRADO,27/2/26,202602,10:00-21:00,,14/03/2026,,21/03/2026,7,7,17,11,202603,RYS 202602,,,
CLARO PERU,RECLUTAMIENTO,CLARO POSTPAGO,GPE-2026018-2,SEM 9,REMOTO,FULL TIME,CERRADO,27/2/26,202602,10:00-21:00,,14/03/2026,,21/03/2026,8,8,20,13,202603,RYS 202602,,,
CLARO PERU RETENCIONES,RECLUTAMIENTO,RETENCIONES INBOUND,GPE-2026010,SEM 9,PRESENCIAL,FULL TIME,CERRADO,27/2/26,202602,,,16/03/2026,,21/03/2026,8,8,20,13,202603,RYS 202602,,,
CLARO PERU,RECLUTAMIENTO,CLARO POSTPAGO - CROSS,GPE-2026003,SEM 9,REMOTO,FULL TIME,CERRADO,27/2/26,202602,,,9/03/2026,,13/03/2026,16,16,40,26,202603,RYS 202602,,,
CLARO PERU RETENCIONES,RECLUTAMIENTO,CONTACTADOS,GPE-2026019,SEM 9,PRESENCIAL,FULL TIME,CERRADO,27/2/26,202602,,,16/03/2026,,21/03/2026,8,8,20,13,202603,RYS 202602,,,
CLARO PERU RETENCIONES,RECLUTAMIENTO,CONTACTADOS,GPE-2026020,SEM 9,PRESENCIAL,FULL TIME,CERRADO,27/2/26,202602,,,16/03/2026,,21/03/2026,8,8,20,13,202603,RYS 202602,,,
CLARO PERU OUT,RECLUTAMIENTO,MIGRACIONES ESPECIALES - OUT,GPE-2026004,SEM 9,PRESENCIAL,FULL TIME,CERRADO,28/2/26,202602,,,9/03/2026,,17/03/2026,6,6,20,12,202603,RYS 202602,,,
CLARO CHILE,RECLUTAMIENTO,POSTPAGO,GPE-2026010,SEM 9,PRESENCIAL,FULL TIME,CERRADO,28/2/26,202602,,,13/03/2026,,20/03/2026,10,10,18,14,202603,RYS 202602,,,
CLARO CHILE,RECLUTAMIENTO,POSTPAGO,GPE-2026011,SEM 9,PRESENCIAL,FULL TIME,CERRADO,28/2/26,202602,,,13/03/2026,,20/03/2026,10,10,18,14,202603,RYS 202602,,,
CLARO PERU OUT,RECLUTAMIENTO,UPGRADE,GPE-2026005,SEM 9,REMOTO,FULL TIME,CERRADO,28/2/26,202602,,,9/03/2026,,17/03/2026,16,16,53,32,202603,RYS 202602,,,
CLARO CHILE,TRASLADO,POSTPAGO,GPE-2026010-1,SEM 10,PRESENCIAL,FULL TIME,CERRADO,2/3/26,202603,,,14/03/2026,,21/03/2026,0,0,0,0,202603,CANCELADO,,,
CLARO PERU,RECLUTAMIENTO,CLARO POSTPAGO,GPE-2026020-1,SEM 10,REMOTO,FULL TIME,CERRADO,6/3/26,202603,09:00-20:00,,21/03/2026,3 dias,1/04/2026,8,8,20,13,202604,RYS 202603,,,
CLARO PERU RETENCIONES,RECLUTAMIENTO,RETENCIONES INBOUND,GPE-2026011,SEM 10,REMOTO,FULL TIME,CERRADO,6/3/26,202603,,,23/03/2026,,28/03/2026,18,18,45,30,202603,RYS 202603,,,
CLARO PERU,RECLUTAMIENTO,CLARO POSTPAGO,GPE-2026020-2,SEM 10,REMOTO,FULL TIME,CERRADO,6/3/26,202603,09:00-20:00,,21/03/2026,3 dias,1/04/2026,8,8,20,13,202604,RYS 202603,,,
CLARO PERU,RECLUTAMIENTO,CLARO POSTPAGO,GPE-2026019-1,SEM 10,REMOTO,FULL TIME,CERRADO,6/3/26,202603,13:00-00:00,,21/03/2026,2 dias,31/03/2026,8,8,20,13,202603,RYS 202603,,,
CLARO PERU,RECLUTAMIENTO,CLARO POSTPAGO,GPE-2026019-2,SEM 10,REMOTO,FULL TIME,CERRADO,6/3/26,202603,13:00-00:00,,21/03/2026,2 dias,31/03/2026,8,8,20,13,202603,RYS 202603,,,
CLARO PERU OUT,RECLUTAMIENTO,LA FIJA + PORTABILIDAD MOVIL,GPE-2026001,SEM 10,REMOTO,FULL TIME,CERRADO,6/3/26,202603,,,16/03/2026,7 dias,1/04/2026,10,10,25,16,202604,RYS 202603,,,
CLARO PERU RETENCIONES,RECLUTAMIENTO,CONTACTADOS,GPE-2026021,SEM 10,PRESENCIAL,FULL TIME,CERRADO,6/3/26,202603,,,23/03/2026,,28/03/2026,12,12,30,20,202603,RYS 202603,,,
CLARO PERU OUT,CANCELADO,MIGRACIONES ESPECIALES - OUT,,SEM 10,PRESENCIAL,FULL TIME,CERRADO,6/3/26,202603,,,14/03/2026,,23/03/2026,6,6,0,0,202603,CANCELADO,,,
CLARO PERU RETENCIONES,OPERACIONES,PREVENTIVA - OUT,GPOP-2026003,SEM 10,PRESENCIAL,FULL TIME,CERRADO,6/3/26,202603,,,23/03/2026,,28/03/2026,0,0,0,0,202603,OPE 202603,,,
CLARO PERU OUT,RECLUTAMIENTO,RENOVACIONES ESPECIALES - OUT,GPE-2026005,SEM 10,REMOTO,FULL TIME,CERRADO,6/3/26,202603,,,16/03/2026,,24/03/2026,16,16,53,32,202603,RYS 202603,,,
CLARO CHILE,TRASLADO,BO TÉCNICO,GPE-2026003X,SEM 10,REMOTO,FULL TIME,CERRADO,7/3/26,202603,,,17/03/2026,,18/02/2026,0,0,0,0,202602,CANCELADO,,,
CLARO PERU OUT,RECLUTAMIENTO,RENOVACIONES ESPECIALES - WSP,GPE-2026003,SEM 10,REMOTO,FULL TIME,CERRADO,7/3/26,202603,,,17/03/2026,,25/03/2026,16,16,53,32,202603,RYS 202603,,,
CLARO PERU OUT,RECLUTAMIENTO,RENOVACIONES ESPECIALES - WSP,GPE-2026003X,SEM 10,REMOTO,FULL TIME,CERRADO,7/3/26,202603,,,17/03/2026,,25/03/2026,16,16,53,32,202603,RYS 202603,,,
CLARO CHILE,RECLUTAMIENTO,POSTPAGO,GPE-2026012,SEM 10,PRESENCIAL,FULL TIME,CERRADO,7/3/26,202603,,,20/03/2026,,27/03/2026,10,10,18,14,202603,RYS 202603,,,
LIPIGAS,RECLUTAMIENTO,LIPIGAS TPE,GPE-2026002,SEM 10,PRESENCIAL,FULL TIME,CERRADO,7/3/26,202603,,,,,17/03/2026,10,10,50,25,202603,RYS 202603,,,
CLARO PERU RETENCIONES,OPERACIONES,RETENCIONES INBOUND,GPOP-2026003,SEM 11,PRESENCIAL,FULL TIME,CERRADO,10/3/26,202603,,-5 dias,20/03/2026,-4 dias,21/03/2026,0,0,0,0,202603,OPE 202603,,,
CLARO PERU,RECLUTAMIENTO,CLARO POSTPAGO,GPE-2026021-1,SEM 11,REMOTO,FULL TIME,CERRADO,13/3/26,202603,08:00-18:00,,28/03/2026,2 dias,9/04/2026,6,6,15,10,202604,RYS 202603,,,
CLARO PERU,RECLUTAMIENTO,CLARO POSTPAGO,GPE-2026021-2,SEM 11,REMOTO,FULL TIME,CERRADO,13/3/26,202603,08:00-18:00,,28/03/2026,2 dias,9/04/2026,6,6,15,10,202604,RYS 202603,,,
CLARO PERU,CANCELADO,CLARO POSTPAGO,,SEM 11,REMOTO,FULL TIME,CERRADO,13/3/26,202603,13:00-00:00,,28/03/2026,,7/04/2026,20,20,0,0,202604,CANCELADO,,,
CLARO PERU RETENCIONES,RECLUTAMIENTO,RETENCIONES INBOUND,GPE-2026012,SEM 11,PRESENCIAL,FULL TIME,CERRADO,13/3/26,202603,,,30/03/2026,,7/04/2026,8,8,20,13,202604,RYS 202603,,,
CLARO PERU RETENCIONES,CANCELADO,CONTACTADOS,,SEM 11,PRESENCIAL,FULL TIME,CERRADO,13/3/26,202603,,,30/03/2026,,7/04/2026,0,0,0,0,202604,CANCELADO,,,
CLARO PERU OUT,TRASLADO,OLAS,GPE-2026006X,SEM 11,REMOTO,FULL TIME,CERRADO,13/3/26,202603,,3 dias,25/03/2026,,6/04/2026,0,0,0,0,202604,CANCELADO,,,
CLARO PERU RETENCIONES,RECLUTAMIENTO,CONTACTADOS,GPE-2026022,SEM 11,PRESENCIAL,FULL TIME,CERRADO,13/3/26,202603,,,30/03/2026,,7/04/2026,16,16,40,26,202604,RYS 202603,,,
CLARO PERU OUT,RECLUTAMIENTO,RENOVACIONES ESPECIALES - OUT,GPE-2026006,SEM 11,REMOTO,FULL TIME,CERRADO,13/3/26,202603,,3 dias,26/03/2026,,6/04/2026,10,10,33,20,202604,RYS 202603,,,
CLARO PERU OUT,RECLUTAMIENTO,MIGRACIONES ESPECIALES - OUT,GPE-2026005,SEM 11,PRESENCIAL,FULL TIME,CERRADO,14/3/26,202603,,,23/03/2026,,31/03/2026,3,3,10,6,202603,RYS 202603,,,
LIPIGAS,RECLUTAMIENTO,LIPIGAS SAC,GPE-2026002,SEM 11,PRESENCIAL,FULL TIME,CERRADO,14/3/26,202603,,,,,4/04/2026,10,10,50,25,202604,RYS 202603,,,
LIPIGAS,TRASLADO,LIPIGAS TPE,GPE-2026002X,SEM 11,PRESENCIAL,FULL TIME,CERRADO,14/3/26,202603,,,,,24/03/2026,0,0,0,0,202603,CANCELADO,,,
CLARO CHILE,RECLUTAMIENTO,POSTPAGO,GPE-2026013,SEM 11,PRESENCIAL,FULL TIME,CERRADO,14/3/26,202603,,,27/03/2026,,6/04/2026,12,12,21,17,202604,RYS 202603,,,
CLARO PERU OUT,RECLUTAMIENTO,UPGRADE,GPE-2026006,SEM 11,REMOTO,FULL TIME,CERRADO,14/3/26,202603,,,23/03/2026,4 dias,7/04/2026,16,16,53,32,202604,RYS 202603,,,
CLARO CHILE,OPERACIONES,TUVES FRONT,GPOP-2026002,SEM 11,PRESENCIAL,FULL TIME,CERRADO,17/3/26,202603,,-1 dias,,,23/03/2026,0,0,0,0,202603,OPE 202603,,,
CLARO CHILE,OPERACIONES,TUVES BOLIVIA,GPOP-2026002,SEM 12,PRESENCIAL,FULL TIME,CERRADO,19/3/26,202603,,-4 dias,,,21/03/2026,0,0,0,0,202603,OPE 202603,,,
CLARO PERU,CANCELADO,CLARO POSTPAGO,,SEM 12,REMOTO,FULL TIME,CERRADO,20/3/26,202603,09:00-20:00,,7/04/2026,,14/04/2026,16,16,0,0,202604,CANCELADO,,,
CLARO PERU RETENCIONES,TRASLADO,MI CLARO,GPE-2026001X,SEM 12,REMOTO,FULL TIME,CERRADO,20/3/26,202603,,,4/04/2026,,31/03/2026,0,0,0,0,202603,CANCELADO,,,
CLARO PERU,RECLUTAMIENTO,CLARO POSTPAGO,GPE-2026022,SEM 12,REMOTO,FULL TIME,CERRADO,20/3/26,202603,13:00-00:00,,7/04/2026,,14/04/2026,16,16,40,26,202604,RYS 202603,,,
CLARO PERU RETENCIONES,RECLUTAMIENTO,RETENCIONES INBOUND,GPE-2026013,SEM 12,PRESENCIAL,PART TIME,CERRADO,20/3/26,202603,18:00-22:00,,7/04/2026,,13/04/2026,16,8,40,26,202604,RYS 202603,,,
CLARO PERU RETENCIONES,RECLUTAMIENTO,CONSULTA PREVIA,GPE-2026001,SEM 12,REMOTO,FULL TIME,CERRADO,20/3/26,202603,,-5 dias,31/03/2026,-5 dias,31/03/2026,12,12,30,20,202603,RYS 202603,,,
CLARO PERU RETENCIONES,RECLUTAMIENTO,CONTACTADOS,GPE-2026023,SEM 12,PRESENCIAL,PART TIME,CERRADO,20/3/26,202603,18:00 - 22:00,,8/04/2026,,14/04/2026,20,10,50,33,202604,RYS 202603,,,
CLARO PERU OUT,RECLUTAMIENTO,MIGRACIONES ESPECIALES - OUT,GPE-2026006,SEM 12,PRESENCIAL,FULL TIME,CERRADO,20/3/26,202603,,,28/03/2026,,8/04/2026,6,6,20,12,202604,RYS 202603,,,
CLARO PERU,RECLUTAMIENTO,CLARO POSTPAGO - CROSS,GPE-2026004,SEM 12,REMOTO,FULL TIME,CERRADO,21/3/26,202603,,,31/03/2026,,7/04/2026,16,16,40,26,202604,RYS 202603,,,
CLARO CHILE,RECLUTAMIENTO,CONTENCIÓN,GPE-2026005,SEM 12,PRESENCIAL,FULL TIME,CERRADO,21/3/26,202603,12:00-23:00,,31/03/2026,1 dias,1/04/2026,10,10,25,16,202604,RYS 202603,,,
CLARO CHILE,RECLUTAMIENTO,POSTPAGO,GPE-2026014,SEM 12,PRESENCIAL,FULL TIME,CERRADO,21/3/26,202603,,,6/04/2026,,13/04/2026,11,11,20,15,202604,RYS 202603,,,
CLARO PERU OUT,CANCELADO,UPGRADE,,SEM 12,REMOTO,FULL TIME,CERRADO,21/3/26,202603,,,30/03/2026,,9/04/2026,16,16,0,0,202604,CANCELADO,,,
CLARO CHILE,OPERACIONES,TUVES RETENCIONES,GPOP-2026001,SEM 13,PRESENCIAL,FULL TIME,CERRADO,24/3/26,202603,,,,,31/03/2026,0,0,0,0,202603,OPE 202603,,,
CLARO CHILE,OPERACIONES,TUVES FRONT,GPOP-2026001X,SEM 12,PRESENCIAL,FULL TIME,CERRADO,24/3/26,202603,,,,,30/03/2026,0,0,0,0,202603,OPE 202603,,,
CLARO CHILE,OPERACIONES,TUVES SALIENTES,GPOP-2026001X,SEM 12,PRESENCIAL,FULL TIME,CERRADO,24/3/26,202603,,,,,30/03/2026,0,0,0,0,202603,OPE 202603,,,
CLARO CHILE,TRASLADO,TUVES SALIENTES,GPOP-2026001X,SEM 12,PRESENCIAL,FULL TIME,CERRADO,24/3/26,202603,,,,,31/03/2026,0,0,0,0,202603,CANCELADO,,,
CLARO CHILE,TRASLADO,TUVES FRONT,GPOP-2026001X,SEM 12,PRESENCIAL,FULL TIME,CERRADO,24/3/26,202603,,,,,31/03/2026,0,0,0,0,202603,CANCELADO,,,
CLARO PERU,CANCELADO,CLARO POSTPAGO,,SEM 13,REMOTO,FULL TIME,CERRADO,27/3/26,202603,13:00-00:00,,11/04/2026,,18/04/2026,16,16,0,0,202604,CANCELADO,,,
CLARO PERU,RECLUTAMIENTO,CLARO POSTPAGO,GPE-2026023,SEM 13,REMOTO,FULL TIME,CERRADO,27/3/26,202603,10:00-21:00,,11/04/2026,,18/04/2026,16,16,40,26,202604,RYS 202603,,,
CLARO PERU,CAPACITACIÓN,CLARO POSTPAGO,GPE-2026024,SEM 13,REMOTO,FULL TIME,CERRADO,27/3/26,202603,9:00-18:00,,11/04/2026,,18/04/2026,0,0,0,0,202604,CAP 202603,,,
CLARO PERU,RECLUTAMIENTO,CLARO POSTPAGO,GPE-2026025,SEM 13,REMOTO,FULL TIME,CERRADO,27/3/26,202603,13:00-00:00,,11/04/2026,,18/04/2026,16,16,40,26,202604,RYS 202603,,,
CLARO PERU RETENCIONES,RECLUTAMIENTO,RETENCIONES INBOUND,GPE-2026014,SEM 13,PRESENCIAL,PART TIME,CERRADO,27/3/26,202603,18:00-22:00,,14/04/2026,,20/04/2026,16,8,40,26,202604,RYS 202603,,,
CLARO PERU RETENCIONES,RECLUTAMIENTO,CONTACTADOS,GPE-2026024,SEM 13,PRESENCIAL,FULL TIME,CERRADO,27/3/26,202603,,,15/04/2026,,21/04/2026,12,12,30,20,202604,RYS 202603,,,
CLARO PERU OUT,CANCELADO,RENOVACIONES ESPECIALES - OUT,,SEM 13,REMOTO,FULL TIME,CERRADO,27/3/26,202603,,,8/04/2026,,16/04/2026,16,16,0,0,202604,CANCELADO,,,
CLARO CHILE,RECLUTAMIENTO,POSTPAGO,GPE-2026015,SEM 13,PRESENCIAL,FULL TIME,CERRADO,28/3/26,202603,,,13/04/2026,,20/04/2026,7,7,12,10,202604,RYS 202603,,,
CLARO CHILE,RECLUTAMIENTO,TUVES PERÚ,GPE-2026001,SEM 13,PRESENCIAL,FULL TIME,CERRADO,28/3/26,202603,,,,-3 dias,1/04/2026,8,8,20,13,202604,RYS 202603,,,
CLARO CHILE,RECLUTAMIENTO,TUVES RETENCIONES,GPE-2026001,SEM 13,PRESENCIAL,FULL TIME,CERRADO,28/3/26,202603,,,,-1 dias,6/04/2026,8,8,20,13,202604,RYS 202603,,,
CLARO PERU RETENCIONES,RECLUTAMIENTO,RETENCIONES INBOUND,GPE-2026015,SEM 13,PRESENCIAL,FULL TIME,CERRADO,31/3/26,202603,,,17/04/2026,,23/04/2026,10,10,25,16,202604,RYS 202603,,,
CLARO CHILE,OPERACIONES,TUVES BOLIVIA,GPOP-2026003,SEM 13,PRESENCIAL,FULL TIME,CERRADO,31/3/26,202603,,,,-3 dias,6/04/2026,0,0,0,0,202604,OPE 202603,,,
LIPIGAS,OPERACIONES,LIPIGAS TPE,GPOP-2026002,SEM 14,PRESENCIAL,FULL TIME,CERRADO,1/4/26,202604,,,,1 dias,14/04/2026,0,0,0,0,202604,OPE 202604,,,
CLARO CHILE,OPERACIONES,POSTPAGO,GPE-2026016,SEM 14,PRESENCIAL,FULL TIME,CERRADO,4/4/26,202604,,,17/04/2026,,24/04/2026,0,0,0,0,202604,OPE 202604,,,
CLARO PERU,CANCELADO,CLARO POSTPAGO,,SEM 14,REMOTO,FULL TIME,CERRADO,6/4/26,202604,,-1 dias,17/04/2026,,24/04/2026,15,15,0,0,202604,CANCELADO,,,
CLARO PERU RETENCIONES,RECLUTAMIENTO,RETENCIONES INBOUND,GPE-2026016,SEM 14,PRESENCIAL,FULL TIME,CERRADO,6/4/26,202604,07:00-18:00,-4 dias,16/04/2026,-4 dias,17/04/2026,8,8,20,13,202604,RYS 202604,,,
CLARO PERU,RECLUTAMIENTO,CLARO POSTPAGO,GPE-2026026,SEM 14,REMOTO,FULL TIME,CERRADO,6/4/26,202604,09:00-20:00,-1 dias,17/04/2026,,24/04/2026,15,15,37,25,202604,RYS 202604,,,
CLARO PERU RETENCIONES,RECLUTAMIENTO,CONTACTADOS,GPE-2026025,SEM 14,PRESENCIAL,FULL TIME,CERRADO,6/4/26,202604,08:00 - 18:00,-1 dias,21/04/2026,,27/04/2026,12,12,30,20,202604,RYS 202604,,,
CLARO PERU RETENCIONES,RECLUTAMIENTO,RETENCIONES INBOUND,GPE-2026017,SEM 14,PRESENCIAL,PART TIME,CERRADO,6/4/26,202604,18:00 - 22:00,-1 dias,20/04/2026,,25/04/2026,12,6,30,20,202604,RYS 202604,,,
CLARO PERU RETENCIONES,RECLUTAMIENTO,RETENCIONES INBOUND,GPE-2026018,SEM 14,REMOTO,FULL TIME,CERRADO,6/4/26,202604,10:00 - 19:00,-1 dias,20/04/2026,,25/04/2026,15,15,37,25,202604,RYS 202604,,,
CLARO CHILE,RECLUTAMIENTO,ANULACIÓN,GPE-2026008,SEM 15,REMOTO,FULL TIME,CERRADO,8/4/26,202604,TARDE,,16/04/2026,,16/04/2026,20,20,50,33,202604,RYS 202604,,,
CLARO CHILE,TRASLADO,BLINDAJE + BILLSHOCK,GPE-2026008X,SEM 15,REMOTO,FULL TIME,CERRADO,8/4/26,202604,TARDE,,16/04/2026,,16/04/2026,0,0,0,0,202604,CANCELADO,,,
CLARO CHILE,RECLUTAMIENTO,CONTENCIÓN,GPE-2026007,SEM 15,REMOTO,FULL TIME,CERRADO,8/4/26,202604,TARDE,,16/04/2026,,16/04/2026,15,15,37,25,202604,RYS 202604,,,
CLARO PERU,CANCELADO,CLARO POSTPAGO,,SEM 15,REMOTO,FULL TIME,CERRADO,10/4/26,202604,,,23/04/2026,,30/04/2026,15,15,0,0,202604,CANCELADO,,,
CLARO PERU,RECLUTAMIENTO,CLARO POSTPAGO,GPE-2026027,SEM 15,REMOTO,FULL TIME,CERRADO,10/4/26,202604,13:00-00:00,,23/04/2026,,30/04/2026,15,15,37,25,202604,RYS 202604,,,
CLARO PERU,CANCELADO,CLARO POSTPAGO,,SEM 15,REMOTO,FULL TIME,CERRADO,10/4/26,202604,,,23/04/2026,,30/04/2026,0,0,0,0,202604,CANCELADO,,,
CLARO PERU,CANCELADO,CLARO POSTPAGO,,SEM 15,PRESENCIAL,FULL TIME,CERRADO,10/4/26,202604,,,23/04/2026,,30/04/2026,0,0,0,0,202604,CANCELADO,,,
CLARO PERU RETENCIONES,RECLUTAMIENTO,RETENCIONES INBOUND,GPE-2026019,SEM 15,PRESENCIAL,FULL TIME,CERRADO,10/4/26,202604,09:00-20:00,,25/04/2026,,2/05/2026,10,9,25,16,202605,RYS 202604,,,
CLARO PERU RETENCIONES,RECLUTAMIENTO,CONTACTADOS,GPE-2026026,SEM 15,PRESENCIAL,FULL TIME,CERRADO,10/4/26,202604,,,25/04/2026,,2/05/2026,12,12,30,20,202605,RYS 202604,,,
CLARO PERU,RECLUTAMIENTO,CLARO POSTPAGO - CROSS,GPE-2026005,SEM 15,REMOTO,FULL TIME,CERRADO,10/4/26,202604,,1 dias,21/04/2026,,25/04/2026,15,15,37,25,202604,RYS 202604,,,
CLARO PERU OUT,RECLUTAMIENTO,LA FIJA + PORTABILIDAD MOVIL,GPE-2026002,SEM 15,REMOTO,FULL TIME,CERRADO,10/4/26,202604,,4 dias,24/04/2026,-1 dias,2/05/2026,6,6,15,10,202605,RYS 202604,,,
LIPIGAS,OPERACIONES,LIPIGAS TPE,GPOP-2026003,SEM 15,PRESENCIAL,FULL TIME,CERRADO,10/4/26,202604,,,,,20/04/2026,0,0,0,0,202604,OPE 202604,,,
CLARO CHILE,RECLUTAMIENTO,POSTPAGO,GPE-2026017,SEM 15,REMOTO,FULL TIME,CERRADO,10/4/26,202604,08:00-20:00,,23/04/2026,,30/04/2026,10,10,18,20,202604,RYS 202604,,,
CLARO CHILE,RECLUTAMIENTO,POSTPAGO,GPE-2026018,SEM 15,REMOTO,FULL TIME,CERRADO,10/4/26,202604,08:00-20:00,,23/04/2026,,30/04/2026,10,10,18,20,202604,RYS 202604,,,
CLARO PERU OUT,CANCELADO,RENOVACIONES ESPECIALES - OUT,,SEM 15,REMOTO,FULL TIME,CERRADO,10/4/26,202604,,,20/04/2026,,28/04/2026,15,15,0,0,202604,CANCELADO,,,
CLARO CHILE,RECLUTAMIENTO,POSTPAGO,GPE-2026019,SEM 15,PRESENCIAL,FULL TIME,CERRADO,11/4/26,202604,MAÑANA,,24/04/2026,-1 dias,30/04/2026,7,7,12,10,202604,RYS 202604,,,
CLARO CHILE,RECLUTAMIENTO,TUVES BOLIVIA,GPE-2026002,SEM 15,REMOTO,FULL TIME,CERRADO,11/4/26,202604,07:00-16:00,,,,18/04/2026,10,10,25,16,202604,RYS 202604,,,
CLARO CHILE,CAPACITACIÓN,TUVES FRONT,GPE-2026002X,SEM 15,REMOTO,FULL TIME,CERRADO,11/4/26,202604,,,,3 dias,22/04/2026,0,0,0,0,202604,CAP 202604,,,
CLARO CHILE,TRASLADO,TUVES RETENCIONES,GPE-2026002XX,SEM 15,REMOTO,FULL TIME,CERRADO,11/4/26,202604,,,,3 dias,22/04/2026,0,0,0,0,202604,CANCELADO,,,
CLARO CHILE,TRASLADO,TUVES SALIENTES,GPE-2026002XX,SEM 15,REMOTO,FULL TIME,CERRADO,11/4/26,202604,,,,3 dias,22/04/2026,0,0,0,0,202604,CANCELADO,,,
CLARO PERU OUT,RECUPERADO,UPGRADE,GPE-2026007,SEM 15,REMOTO,FULL TIME,CERRADO,13/4/26,202604,,3 dias,24/04/2026,-1 dias,2/05/2026,0,0,0,0,202605,RYS 202604,,,
CLARO PERU RETENCIONES,OPERACIONES,CONTACTADOS,GPOP-2026001,SEM 15,REMOTO,FULL TIME,CERRADO,13/4/26,202604,,-5 dias,22/04/2026,-1 dias,27/04/2026,0,0,0,0,202604,OPE 202604,,,
CLARO PERU OUT,TRASLADO,LA FIJA + PORTABILIDAD MOVIL,GPE-2026007X,SEM 15,REMOTO,FULL TIME,CERRADO,13/4/26,202604,,3 dias,25/04/2026,2 dias,7/05/2026,0,0,0,0,202605,CANCELADO,,,
CLARO PERU RETENCIONES,OPERACIONES,PREVENTIVA - OUT,GPOP-2026004,SEM 15,PRESENCIAL,FULL TIME,CERRADO,14/4/26,202604,,-2 dias,28/04/2026,,5/05/2026,0,0,0,0,202605,OPE 202604,,,
CLARO PERU RETENCIONES,TRASLADO,FULL CLARO,GPOP-2026004X,SEM 15,PRESENCIAL,FULL TIME,CERRADO,14/4/26,202604,,,22/04/2026,1 dias,28/04/2026,0,0,0,0,202604,CANCELADO,,,
CLARO PERU,RECLUTAMIENTO,CLARO POSTPAGO,GPE-2026028,SEM 16,REMOTO,FULL TIME,CERRADO,17/4/26,202604,10:00-21:00,,30/04/2026,,8/05/2026,15,15,37,25,202605,RYS 202604,,,
CLARO PERU,CANCELADO,CLARO POSTPAGO,,SEM 16,REMOTO,FULL TIME,CERRADO,17/4/26,202604,,,30/04/2026,,8/05/2026,15,15,0,0,202605,CANCELADO,,,
CLARO PERU RETENCIONES,RECLUTAMIENTO,CONTACTADOS,GPE-2026027,SEM 16,PRESENCIAL,FULL TIME,CERRADO,17/4/26,202604,,,4/05/2026,,9/05/2026,12,12,30,20,202605,RYS 202604,,,
CLARO PERU RETENCIONES,RECLUTAMIENTO,RETENCIONES INBOUND,GPE-2026020,SEM 16,PRESENCIAL,FULL TIME,CERRADO,17/4/26,202604,13:00-00:00,,4/05/2026,,9/05/2026,10,9,25,16,202605,RYS 202604,,,
CLARO PERU OUT,RECLUTAMIENTO,UPGRADE,GPE-2026008,SEM 16,REMOTO,FULL TIME,CERRADO,17/4/26,202604,,,25/04/2026,,5/05/2026,15,15,50,30,202605,RYS 202604,,,
CLARO PERU OUT,TRASLADO,LA FIJA + PORTABILIDAD MOVIL,GPE-2026008X,SEM 16,REMOTO,FULL TIME,CERRADO,17/4/26,202604,,,27/04/2026,-1 dias,5/05/2026,0,0,0,0,202605,CANCELADO,,,
CLARO PERU OUT,RECLUTAMIENTO,MIGRACIONES ESPECIALES - OUT,GPE-2026007,SEM 16,REMOTO,FULL TIME,CERRADO,18/4/26,202604,,,27/04/2026,1 dias,7/05/2026,11,11,36,22,202605,RYS 202604,,,
CLARO CHILE,RECLUTAMIENTO,POSTPAGO,GPE-2026020,SEM 16,PRESENCIAL,FULL TIME,CERRADO,18/4/26,202604,MAÑANA,,2/05/2026,,9/05/2026,8,8,14,11,202605,RYS 202604,,,
CLARO CHILE,RECLUTAMIENTO,POSTPAGO,GPE-2026021,SEM 16,PRESENCIAL,FULL TIME,CERRADO,18/4/26,202604,TARDE,,2/05/2026,3 dias,13/05/2026,8,8,14,11,202605,RYS 202604,,,
CLARO CHILE,RECLUTAMIENTO,POSTPAGO,GPE-2026022,SEM 16,REMOTO,FULL TIME,CERRADO,18/4/26,202604,TARDE,,2/05/2026,,9/05/2026,10,10,18,20,202605,RYS 202604,,,
CLARO CHILE,RECLUTAMIENTO,POSTPAGO,GPE-2026023,SEM 16,REMOTO,FULL TIME,CERRADO,18/4/26,202604,TARDE,,2/05/2026,,9/05/2026,10,10,18,20,202605,RYS 202604,,,
CLARO PERU OUT,RECLUTAMIENTO,RENOVACIONES ESPECIALES - WSP,GPE-2026004,SEM 16,REMOTO,FULL TIME,CERRADO,18/4/26,202604,,,28/04/2026,,7/05/2026,10,10,33,20,202605,RYS 202604,,,
CLARO PERU RETENCIONES,CAPACITACIÓN,RETENCIONES INBOUND,GPE-2026021,SEM 16,REMOTO,FULL TIME,CERRADO,18/4/26,202604,,-8 dias,24/04/2026,-4 dias,25/04/2026,0,0,0,0,202604,CAP 202604,,,
CLARO PERU,CAPACITACIÓN,CLARO POSTPAGO,GPE-2026029,SEM 17,REMOTO,FULL TIME,CERRADO,21/4/26,202604,,-1 dias,4/05/2026,-1 dias,9/05/2026,0,0,0,0,202605,CAP 202604,,,
CLARO PERU RETENCIONES,RECLUTAMIENTO,CONTACTADOS,GPE-2026031,SEM 17,REMOTO,FULL TIME,CERRADO,21/4/26,202604,,-4 dias,2/05/2026,,8/05/2026,15,15,37,25,202605,RYS 202604,,,
CLARO PERU RETENCIONES,OPERACIONES,PREVENTIVA - OUT,GPOP-2026005,SEM 17,PRESENCIAL,FULL TIME,CERRADO,22/4/26,202604,,-6 dias,2/05/2026,-4 dias,4/05/2026,0,0,0,0,202605,OPE 202604,,,
LIPIGAS,CANCELADO,LIPIGAS TPE,,SEM 16,PRESENCIAL,FULL TIME,CERRADO,22/4/26,202604,,,,,2/05/2026,0,0,0,0,202605,CANCELADO,,,
CLARO PERU RETENCIONES,CAPACITACIÓN,CONTACTADOS,GPE-2026032,SEM 17,REMOTO,FULL TIME,CERRADO,22/4/26,202604,,-5 dias,2/05/2026,-4 dias,4/05/2026,0,0,0,0,202605,CAP 202604,,,
CLARO PERU,RECLUTAMIENTO,CLARO POSTPAGO,GPE-2026030,SEM 17,REMOTO,FULL TIME,CERRADO,24/4/26,202604,09:00-20:00,,8/05/2026,2 dias,18/05/2026,15,15,37,25,202605,RYS 202604,,,
CLARO PERU,CANCELADO,CLARO POSTPAGO,,SEM 17,REMOTO,FULL TIME,CERRADO,24/4/26,202604,,,8/05/2026,,15/05/2026,15,15,0,0,202605,CANCELADO,,,
CLARO PERU OUT,TRASLADO,LA FIJA + PORTABILIDAD MOVIL,GPE-2026009X,SEM 17,REMOTO,FULL TIME,CERRADO,24/4/26,202604,,,5/05/2026,-1 dias,12/05/2026,0,0,0,0,202605,CANCELADO,,,
CLARO PERU OUT,RECLUTAMIENTO,RENOVACIONES ESPECIALES - OUT,GPE-2026007,SEM 17,REMOTO,FULL TIME,CERRADO,24/4/26,202604,,,5/05/2026,,13/05/2026,15,15,50,30,202605,RYS 202604,,,
CLARO PERU RETENCIONES,RECLUTAMIENTO,RETENCIONES INBOUND,GPE-2026022,SEM 17,PRESENCIAL,PART TIME,CERRADO,24/4/26,202604,18:00-22:00,,11/05/2026,,16/05/2026,12,6,30,20,202605,RYS 202604,,,
CLARO PERU OUT,RECLUTAMIENTO,UPGRADE,GPE-2026009,SEM 17,REMOTO,FULL TIME,CERRADO,24/4/26,202604,,,4/05/2026,,12/05/2026,15,15,50,30,202605,RYS 202604,,,
CLARO CHILE,RECLUTAMIENTO,CONTENCIÓN,GPE-2026009,SEM 17,PRESENCIAL,FULL TIME,CERRADO,25/4/26,202604,,,5/05/2026,,9/05/2026,7,7,17,11,202605,RYS 202604,,,
CLARO PERU OUT,RECUPERADO,MIGRACIONES ESPECIALES - OUT,GPE-2026008,SEM 17,PRESENCIAL,FULL TIME,CERRADO,25/4/26,202604,,,5/05/2026,-3 dias,9/05/2026,0,0,0,0,202605,RYS 202604,,,
CLARO CHILE,RECLUTAMIENTO,POSTPAGO,GPE-2026024,SEM 17,PRESENCIAL,FULL TIME,CERRADO,25/4/26,202604,,,9/05/2026,,16/05/2026,8,8,14,11,202605,RYS 202604,,,
CLARO CHILE,RECLUTAMIENTO,POSTPAGO,GPE-2026025,SEM 17,PRESENCIAL,FULL TIME,CERRADO,25/4/26,202604,,,9/05/2026,,16/05/2026,9,9,16,12,202605,RYS 202604,,15,
LIPIGAS,RECLUTAMIENTO,LIPIGAS SAC,GPE-2026003,SEM 17,PRESENCIAL,FULL TIME,CERRADO,27/4/26,202604,,-1 dias,,,15/05/2026,10,10,50,25,202605,RYS 202604,,,
LIPIGAS,CAPACITACIÓN,LIPIGAS SAC,GPE-2026005,SEM 17,PRESENCIAL,FULL TIME,CERRADO,27/4/26,202604,,,,,16/05/2026,0,0,0,0,202605,CAP 202604,,,
LIPIGAS,CAPACITACIÓN,LIPIGAS TPE,GPE-2026003,SEM 17,PRESENCIAL,FULL TIME,CERRADO,27/4/26,202604,,,,,7/05/2026,0,0,0,0,202605,CAP 202604,,,
CLARO PERU OUT,CAPACITACIÓN,LA FIJA + PORTABILIDAD MOVIL,GPE-2026003,SEM 17,REMOTO,FULL TIME,CERRADO,29/4/26,202604,,-1 dias,8/05/2026,,16/05/2026,0,0,0,0,202605,CAP 202604,,,
LIPIGAS,RECLUTAMIENTO,LIPIGAS SAC,GPE-2026004,SEM 17,PRESENCIAL,FULL TIME,CERRADO,29/4/26,202604,,,,,19/05/2026,5,5,25,12,202605,RYS 202604,,,
CLARO PERU,RECLUTAMIENTO,CLARO POSTPAGO,GPE-2026031,SEM 18,PRESENCIAL,FULL TIME,CERRADO,2/5/26,202605,08:00-19:00,,15/05/2026,,22/05/2026,10,10,25,16,202605,RYS 202605,,,
CLARO PERU,RECLUTAMIENTO,CLARO POSTPAGO,GPE-2026032,SEM 18,REMOTO,FULL TIME,CERRADO,2/5/26,202605,13:00-00:00,,15/05/2026,,22/05/2026,16,16,40,32,202605,RYS 202605,,,
CLARO PERU,RECLUTAMIENTO,CLARO POSTPAGO,GPE-2026033,SEM 18,REMOTO,FULL TIME,CERRADO,2/5/26,202605,10:00-21:00,,15/05/2026,1 dias,23/05/2026,15,15,37,30,202605,RYS 202605,,,
LIPIGAS,CANCELADO,LIPIGAS TPE,,SEM 18,PRESENCIAL,FULL TIME,CERRADO,2/5/26,202605,,,,,12/05/2026,10,10,0,0,202605,CANCELADO,,,
CLARO PERU OUT,RECLUTAMIENTO,FOCO OLAS MIGRA,GPE-2026002,SEM 18,REMOTO,FULL TIME,CERRADO,2/5/26,202605,,,11/05/2026,,19/05/2026,9,9,30,18,202605,RYS 202605,,,
CLARO CHILE,RECLUTAMIENTO,POSTPAGO,GPE-2026026,SEM 18,PRESENCIAL,FULL TIME,CERRADO,2/5/26,202605,,,15/05/2026,,23/05/2026,8,8,14,11,202605,RYS 202605,,,
CLARO PERU RETENCIONES,RECLUTAMIENTO,CONTACTADOS,GPE-2026033,SEM 18,REMOTO,FULL TIME,CERRADO,4/5/26,202605,,-1 dias,18/05/2026,,23/05/2026,13,13,32,21,202605,RYS 202605,,,
CLARO PERU RETENCIONES,RECLUTAMIENTO,CONTACTADOS,GPE-2026034,SEM 18,REMOTO,FULL TIME,CERRADO,4/5/26,202605,,-1 dias,18/05/2026,,23/05/2026,12,12,30,20,202605,RYS 202605,,,
LIPIGAS,RECLUTAMIENTO,LIPIGAS SAC,GPE-2026006,SEM 18,PRESENCIAL,FULL TIME,CERRADO,4/5/26,202605,,-1 dias,,,21/05/2026,8,8,40,20,202605,RYS 202605,,,
CLARO PERU RETENCIONES,RECLUTAMIENTO,RETENCIONES INBOUND,GPE-2026023,SEM 18,REMOTO,FULL TIME,CERRADO,4/5/26,202605,12:00 - 22:00,,19/05/2026,,25/05/2026,15,15,37,25,202605,RYS 202605,,,
CLARO PERU RETENCIONES,OPERACIONES,CANAL DIGITAL WSP INBOUND,GPOP-2026001,SEM 18,PRESENCIAL,FULL TIME,CERRADO,5/5/26,202605,,-1 dias,14/05/2026,,20/05/2026,0,0,0,0,202605,OPE 202605,,,
CLARO PERU RETENCIONES,TRASLADO,FULL CLARO,GPOP-2026001X,SEM 18,PRESENCIAL,FULL TIME,CERRADO,5/5/26,202605,,-1 dias,12/05/2026,,16/05/2026,0,0,0,0,202605,CANCELADO,,,
CLARO PERU RETENCIONES,CANCELADO,PREVENTIVA - OUT,,SEM 18,PRESENCIAL,FULL TIME,CERRADO,5/5/26,202605,,-6 dias,14/05/2026,,20/05/2026,0,0,0,0,202605,CANCELADO,,,
CLARO PERU,RECLUTAMIENTO,CLARO POSTPAGO,GPE-2026034,SEM 19,PRESENCIAL,FULL TIME,CERRADO,8/5/26,202605,07:00-18:00,,21/05/2026,,28/05/2026,10,10,25,16,202605,RYS 202605,,,
CLARO PERU,RECLUTAMIENTO,CLARO POSTPAGO,GPE-2026035,SEM 19,REMOTO,FULL TIME,CERRADO,8/5/26,202605,13:00-00:00,,21/05/2026,,28/05/2026,15,15,37,30,202605,RYS 202605,,,
CLARO PERU RETENCIONES,RECLUTAMIENTO,RETENCIONES INBOUND,GPE-2026024,SEM 19,REMOTO,FULL TIME,CERRADO,9/5/26,202605,09:00-18:00,-7 dias,16/05/2026,-3 dias,19/05/2026,7,7,8,5,202605,RYS 202605,,,
CLARO PERU RETENCIONES,RECLUTAMIENTO,CONTACTADOS,GPE-2026035,SEM 19,PRESENCIAL,FULL TIME,CERRADO,9/5/26,202605,,,25/05/2026,,30/05/2026,8,8,20,13,202605,RYS 202605,,,
CLARO PERU RETENCIONES,RECLUTAMIENTO,RETENCIONES INBOUND,GPE-2026025,SEM 19,REMOTO,FULL TIME,CERRADO,9/5/26,202605,09:00-18:00,-7 dias,16/05/2026,-3 dias,19/05/2026,7,7,9,6,202605,RYS 202605,,,
CLARO PERU RETENCIONES,RECLUTAMIENTO,MI CLARO,GPE-2026002,SEM 19,PRESENCIAL,FULL TIME,CERRADO,9/5/26,202605,,,25/05/2026,,30/05/2026,8,8,20,13,202605,RYS 202605,,,
CLARO PERU,RECLUTAMIENTO,RETENCIONES FIJA INBOUND,GPE-2026001,SEM 19,PRESENCIAL,FULL TIME,CERRADO,9/5/26,202605,08:00-18:00,,22/05/2026,3 dias,1/06/2026,15,15,37,25,202606,RYS 202605,,,
CLARO PERU OUT,RECUPERADO,RENOVACIONES ESPECIALES - OUT,GPE-2026008,SEM 19,REMOTO,FULL TIME,CERRADO,9/5/26,202605,,,19/05/2026,,27/05/2026,0,0,0,0,202605,CANCELADO,,,
CLARO PERU OUT,RECLUTAMIENTO,UPGRADE,GPE-2026010,SEM 19,REMOTO,FULL TIME,CERRADO,9/5/26,202605,,,18/05/2026,,26/05/2026,5,5,16,10,202605,RYS 202605,,,
CLARO PERU OUT,CANCELADO,MIGRACIONES ESPECIALES - OUT,,SEM 19,REMOTO,FULL TIME,CERRADO,9/5/26,202605,,,18/05/2026,,26/05/2026,9,9,0,0,202605,CANCELADO,,,
CLARO PERU OUT,CANCELADO,LA FIJA + PORTABILIDAD MOVIL,GPE-2026004,SEM 19,REMOTO,FULL TIME,CERRADO,11/5/26,202605,,,20/05/2026,-1 dias,27/05/2026,0,0,0,0,202605,CANCELADO,,,
LIPIGAS,OPERACIONES,LIPIGAS TPE,GPOP-2026004,SEM 19,PRESENCIAL,FULL TIME,CERRADO,13/5/26,202605,,,,-1 dias,21/05/2026,8,8,0,0,202605,OPE 202605,,,
CLARO PERU RETENCIONES,RECLUTAMIENTO,PREVENTIVA - OUT,GPE-2026001,SEM 20,REMOTO,FULL TIME,CERRADO,15/5/26,202605,,,30/05/2026,,5/06/2026,6,6,15,10,202606,RYS 202605,,,
CLARO PERU,RECLUTAMIENTO,CLARO POSTPAGO,GPE-2026036,SEM 20,PRESENCIAL,FULL TIME,CERRADO,15/5/26,202605,06:00-16:00,,28/05/2026,,4/06/2026,12,12,30,20,202606,RYS 202605,,,
CLARO PERU,RECLUTAMIENTO,CLARO POSTPAGO,GPE-2026037,SEM 20,PRESENCIAL,FULL TIME,CERRADO,15/5/26,202605,08:00-19:00,,28/05/2026,,4/06/2026,10,10,25,16,202606,RYS 202605,,,
CLARO PERU,RECLUTAMIENTO,CLARO POSTPAGO,GPE-2026038,SEM 20,REMOTO,FULL TIME,CERRADO,15/5/26,202605,12:00-22:00,,28/05/2026,,4/06/2026,16,16,40,32,202606,RYS 202605,,,
CLARO PERU,RECLUTAMIENTO,CLARO POSTPAGO - CROSS,GPE-2026006,SEM 20,PRESENCIAL,FULL TIME,CERRADO,16/5/26,202605,,,26/05/2026,-1 dias,30/05/2026,8,8,20,13,202605,RYS 202605,,,
CLARO CHILE,RECLUTAMIENTO,CONTENCIÓN,GPE-2026010,SEM 20,PRESENCIAL,FULL TIME,CERRADO,16/5/26,202605,,,26/05/2026,,30/05/2026,8,8,20,13,202605,RYS 202605,,,4
CLARO PERU OUT,RECLUTAMIENTO,RENOVACIONES ESPECIALES - OUT,GPE-2026009,SEM 20,REMOTO,FULL TIME,CERRADO,16/5/26,202605,,,26/05/2026,,3/06/2026,9,9,30,18,202606,RYS 202605,,,
CLARO PERU OUT,TRASLADO,FOCO OLAS RENO,GPE-2026009X,SEM 20,REMOTO,FULL TIME,CERRADO,16/5/26,202605,,,25/05/2026,,2/06/2026,0,0,0,0,202606,CANCELADO,,,
LIPIGAS,RECLUTAMIENTO,LIPIGAS SAC,GPE-2026007,SEM 20,PRESENCIAL,FULL TIME,CERRADO,16/5/26,202605,,,,,30/05/2026,8,8,40,20,202605,RYS 202605,,,
CLARO PERU OUT,CAPACITACIÓN,UPGRADE,GPE-2026011,SEM 20,REMOTO,FULL TIME,CERRADO,18/5/26,202605,,,26/05/2026,-4 dias,29/05/2026,0,0,0,0,202605,CAP 202605,,,
CLARO CHILE,CAPACITACIÓN,POSTPAGO,GPE-2026027,SEM 20,PRESENCIAL,FULL TIME,CERRADO,18/5/26,202605,,-2 dias,29/05/2026,,5/06/2026,0,0,0,0,202606,CAP 202605,,,
CLARO PERU,RECLUTAMIENTO,CLARO POSTPAGO,GPE-2026039,SEM 21,REMOTO,FULL TIME,CERRADO,22/5/26,202605,13:00-00:00,,4/06/2026,,11/06/2026,16,16,40,32,202606,RYS 202605,,,
CLARO PERU,RECLUTAMIENTO,CLARO POSTPAGO,GPE-2026040,SEM 21,REMOTO,FULL TIME,CERRADO,22/5/26,202605,13:00-00:00,,4/06/2026,,11/06/2026,16,16,40,26,202606,RYS 202605,,,
CLARO PERU RETENCIONES,RECLUTAMIENTO,CONTACTADOS,GPE-2026036,SEM 21,REMOTO,FULL TIME,CERRADO,22/5/26,202605,,,6/06/2026,2 dias,15/06/2026,12,12,30,20,202606,RYS 202605,,,
CLARO PERU RETENCIONES,RECLUTAMIENTO,RETENCIONES INBOUND,GPE-2026026,SEM 21,REMOTO,PART TIME,CERRADO,22/5/26,202605,20:00-00:00,,6/06/2026,,12/06/2026,16,8,40,26,202606,RYS 202605,,,
CLARO PERU OUT,CAPACITACIÓN,UPGRADE,GPE-2026012,SEM 21,REMOTO,FULL TIME,CERRADO,22/5/26,202605,,,30/05/2026,,8/06/2026,0,0,0,0,202606,CAP 202605,,,
CLARO CHILE,RECLUTAMIENTO,TUVES PERÚ,GPE-2026002,SEM 21,REMOTO,FULL TIME,CERRADO,23/5/26,202605,,,,,30/05/2026,2,2,5,3,202605,RYS 202605,,,
CLARO PERU,RECLUTAMIENTO,CLARO POSTPAGO - CROSS,GPE-2026007,SEM 21,REMOTO,FULL TIME,CERRADO,23/5/26,202605,,,2/06/2026,,8/06/2026,15,15,37,25,202606,RYS 202605,,,
CLARO PERU,RECLUTAMIENTO,CLARO POSTPAGO,GPE-2026041,SEM 21,PRESENCIAL,FULL TIME,CERRADO,23/5/26,202605,09:00-20:00,,5/06/2026,,12/06/2026,10,10,25,16,202606,RYS 202605,,,
CLARO PERU OUT,RECLUTAMIENTO,MIGRACIONES ESPECIALES - OUT,GPE-2026009,SEM 21,PRESENCIAL,FULL TIME,CERRADO,23/5/26,202605,,,1/06/2026,,9/06/2026,9,9,30,18,202606,RYS 202605,,,
CLARO PERU RETENCIONES,RECLUTAMIENTO,PREVENTIVA - OUT,GPE-2026002,SEM 21,PRESENCIAL,FULL TIME,CERRADO,23/5/26,202605,,,8/06/2026,,13/06/2026,6,6,15,10,202606,RYS 202605,,,
CLARO PERU RETENCIONES,RECLUTAMIENTO,MI CLARO,GPE-2026003,SEM 21,PRESENCIAL,FULL TIME,CERRADO,23/5/26,202605,,,8/06/2026,,13/06/2026,8,8,20,13,202606,RYS 202605,,,
LIPIGAS,RECLUTAMIENTO,LIPIGAS SAC,GPE-2026002X,SEM 21,REMOTO,FULL TIME,CERRADO,23/5/26,202605,,,,,6/06/2026,0,0,0,0,202606,RYS 202605,,,
CLARO CHILE,RECLUTAMIENTO,POSTPAGO,GPE-2026028,SEM 21,PRESENCIAL,FULL TIME,CERRADO,23/5/26,202605,,,5/06/2026,,12/06/2026,8,8,14,11,202606,RYS 202605,,,
LIPIGAS,OPERACIONES,LIPIGAS TPE,GPOP-2026005,SEM 21,REMOTO,FULL TIME,CERRADO,25/5/26,202605,,,,,1/06/2026,0,0,0,0,202606,OPE 202605,,,
CLARO PERU RETENCIONES,CAPACITACIÓN,RETENCIONES INBOUND,GPR-2026001,SEM 22,REMOTO,FULL TIME,CERRADO,28/5/26,202605,,,12/06/2026,,18/06/2026,0,0,0,0,202606,CAP 202605,,,
CLARO PERU RETENCIONES,RECLUTAMIENTO,CONTACTADOS,GPE-2026037,SEM 22,PRESENCIAL,FULL TIME,CERRADO,29/5/26,202605,,,13/06/2026,,19/06/2026,8,8,20,13,202606,RYS 202605,,,
CLARO PERU RETENCIONES,RECLUTAMIENTO,RETENCIONES INBOUND,GPE-2026027,SEM 22,PRESENCIAL,FULL TIME,CERRADO,29/5/26,202605,07:00-18:00,,13/06/2026,,19/06/2026,9,9,22,15,202606,RYS 202605,,,
CLARO PERU,CANCELADO,CLARO POSTPAGO,,SEM 22,PRESENCIAL,FULL TIME,CERRADO,29/5/26,202605,,,11/06/2026,,18/06/2026,0,0,0,0,202606,CANCELADO,,,
CLARO CHILE,RECLUTAMIENTO,TUVES SALIENTES,GPE-2026003,SEM 22,REMOTO,FULL TIME,CERRADO,29/5/26,202605,,,,,5/06/2026,10,10,25,16,202606,RYS 202605,,,
CLARO CHILE,TRASLADO,TUVES RETENCIONES,GPE-2026003X,SEM 22,REMOTO,FULL TIME,CERRADO,29/5/26,202605,,,,,5/06/2026,0,0,0,0,202606,CANCELADO,,,
CLARO CHILE,CAPACITACIÓN,CONTENCIÓN,GPE-2026011,SEM 22,PRESENCIAL,FULL TIME,CERRADO,29/5/26,202605,,-1 dias,5/06/2026,,10/06/2026,0,0,0,0,202606,CAP 202605,,,
CLARO PERU OUT,CAPACITACIÓN,RENOVACIONES ESPECIALES - WSP,GPE-2026004X,SEM 22,REMOTO,FULL TIME,CERRADO,29/5/26,202605,,-5 dias,2/06/2026,-2 dias,8/06/2026,0,0,0,0,202606,CAP 202605,,,
CLARO PERU,CANCELADO,CLARO POSTPAGO,,SEM 22,REMOTO,FULL TIME,CERRADO,30/5/26,202605,,,12/06/2026,,19/06/2026,0,0,0,0,202606,CANCELADO,,,
CLARO PERU OUT,RECLUTAMIENTO,RENOVACIONES ESPECIALES - WSP,GPE-2026005,SEM 22,PRESENCIAL,FULL TIME,CERRADO,30/5/26,202605,,,9/06/2026,,17/06/2026,8,8,26,16,202606,RYS 202605,,,
CLARO PERU OUT,TRASLADO,RENOVACIONES ESPECIALES - OUT,GPE-2026005X,SEM 22,REMOTO,FULL TIME,CERRADO,30/5/26,202605,,,9/06/2026,-2 dias,15/06/2026,0,0,0,0,202606,CANCELADO,,,
LIPIGAS,RECLUTAMIENTO,LIPIGAS TPE,GPE-2026005,SEM 22,PRESENCIAL,FULL TIME,CERRADO,30/5/26,202605,,,,,6/06/2026,10,10,50,25,202606,RYS 202605,,,
CLARO PERU,RECUPERADO,CLARO POSTPAGO,GPE-2026042,SEM 22,PRESENCIAL,FULL TIME,CERRADO,30/5/26,202605,,,12/06/2026,,19/06/2026,8,8,20,13,202606,RYS 202605,,3,
CLARO PERU OUT,CANCELADO,UPGRADE,GPE-2026013,SEM 22,PRESENCIAL,FULL TIME,CERRADO,30/5/26,202605,,,8/06/2026,,16/06/2026,8,8,0,0,202606,CANCELADO,,,
CLARO PERU OUT,RECLUTAMIENTO,UPGRADE,GPE-2026014,SEM 22,REMOTO,FULL TIME,CERRADO,30/5/26,202605,,-1 dias,6/06/2026,,15/06/2026,12,12,40,24,202606,RYS 202605,,,
LIPIGAS,RECLUTAMIENTO,LIPIGAS SAC,GPE-2026008,SEM 22,REMOTO,FULL TIME,CERRADO,30/5/26,202605,,-1 dias,,,12/06/2026,10,10,50,16,202606,RYS 202605,,,
LIPIGAS,OPERACIONES,LIPIGAS TPE,GPOP-2026006,SEM 22,REMOTO,FULL TIME,CERRADO,1/6/26,202606,,,,,8/06/2026,0,0,0,0,202606,OPE 202606,,,
LIPIGAS,TRASLADO,LIPIGAS SAC,GPE-2026009X,SEM 22,REMOTO,FULL TIME,CERRADO,1/6/26,202606,,,,2 dias,17/06/2026,0,0,0,0,202606,CANCELADO,,,
CLARO PERU OUT,CAPACITACIÓN,UPGRADE,GPE-2026014X,SEM 22,REMOTO,FULL TIME,CERRADO,2/6/26,202606,,,10/06/2026,-3 dias,15/06/2026,0,0,0,0,202606,CAP 202606,,,
CLARO PERU RETENCIONES,RECLUTAMIENTO,CONTACTADOS,GPE-2026038,SEM 23,PRESENCIAL,FULL TIME,EN CURSO,5/6/26,202606,,,20/06/2026,,26/06/2026,9,9,22,15,202606,RYS 202606,,,
CLARO PERU RETENCIONES,RECLUTAMIENTO,CONTACTADOS,GPE-2026039,SEM 23,REMOTO,FULL TIME,EN CURSO,5/6/26,202606,,,20/06/2026,,26/06/2026,15,15,37,25,202606,RYS 202606,,,
CLARO PERU OUT,RECLUTAMIENTO,LA FIJA + PORTABILIDAD MOVIL,GPE-2026005,SEM 23,REMOTO,FULL TIME,CERRADO,5/6/26,202606,,,15/06/2026,-2 dias,20/06/2026,7,7,23,14,202606,RYS 202606,,,
CLARO PERU RETENCIONES,RECLUTAMIENTO,RETENCIONES INBOUND,GPE-2026029,SEM 23,REMOTO,FULL TIME,EN CURSO,6/6/26,202606,09:00 - 18:00,,22/06/2026,,27/06/2026,12,12,30,20,202606,RYS 202606,,,
CLARO PERU,RECLUTAMIENTO,RETENCIONES FIJA INBOUND,GPE-2026002,SEM 23,PRESENCIAL,FULL TIME,EN CURSO,6/6/26,202606,,,19/06/2026,,25/06/2026,10,10,25,16,202606,RYS 202606,,,
CLARO CHILE,RECLUTAMIENTO,POSTPAGO,GPE-2026030,SEM 23,PRESENCIAL,FULL TIME,EN CURSO,6/6/26,202606,,,19/06/2026,,26/06/2026,8,8,14,11,202606,RYS 202606,,,
CLARO CHILE,RECLUTAMIENTO,POSTPAGO,GPE-2026029,SEM 23,REMOTO,FULL TIME,EN CURSO,6/6/26,202606,,,19/06/2026,,26/06/2026,8,8,14,11,202606,RYS 202606,,,
CLARO PERU OUT,RECUPERADO,RENOVACIONES ESPECIALES - OUT,GPE-2026010,SEM 23,REMOTO,FULL TIME,EN CURSO,6/6/26,202606,,,16/06/2026,,24/06/2026,6,6,0,0,202606,RYS 202606,,,
LIPIGAS,RECLUTAMIENTO,LIPIGAS TPE,GPE-2026006-1,SEM 23,REMOTO,FULL TIME,CERRADO,6/6/26,202606,,,,,13/06/2026,6,6,30,15,202606,RYS 202606,,,
LIPIGAS,RECLUTAMIENTO,LIPIGAS TPE,GPE-2026006-2,SEM 23,REMOTO,FULL TIME,CERRADO,6/6/26,202606,,,,,13/06/2026,6,6,30,15,202606,RYS 202606,,,
CLARO PERU,CAPACITACIÓN,CLARO POSTPAGO,GPE-2026043,SEM 23,REMOTO,FULL TIME,EN CURSO,6/6/26,202606,,,19/06/2026,,26/06/2026,0,0,0,0,202606,CAP 202606,,,
CLARO PERU,CANCELADO,CLARO POSTPAGO,,SEM 23,REMOTO,FULL TIME,CERRADO,6/6/26,202606,,,19/06/2026,,26/06/2026,0,0,0,0,202606,CANCELADO,,,
CLARO PERU OUT,RECUPERADO,MIGRACIONES ESPECIALES - OUT,GPE-2026010,SEM 23,REMOTO,FULL TIME,EN CURSO,8/6/26,202606,,-1 dias,15/06/2026,,23/06/2026,5,5,16,10,202606,RYS 202606,,,
CLARO CHILE,RECLUTAMIENTO,CONTENCIÓN,GPE-2026012,SEM 23,PRESENCIAL,FULL TIME,CERRADO,9/6/26,202606,,-1 dias,16/06/2026,-2 dias,18/06/2026,8,8,20,13,202606,RYS 202606,,,
CLARO PERU RETENCIONES,RECLUTAMIENTO,CONSULTA PREVIA,GPE-2026002,SEM 23,PRESENCIAL,FULL TIME,EN CURSO,9/6/26,202606,,-1 dias,23/06/2026,,30/06/2026,5,5,12,8,202606,RYS 202606,,,
CLARO PERU,RECUPERADO,CLARO POSTPAGO,GPE-2026044-2,SEM 24,REMOTO,FULL TIME,EN CURSO,12/6/26,202606,12:00-22:00,,25/06/2026,,3/07/2026,5,5,12,8,202607,RYS 202606,,,
CLARO PERU,RECLUTAMIENTO,CLARO POSTPAGO,GPE-2026044-1,SEM 24,REMOTO,PART TIME,EN CURSO,12/6/26,202606,16:00-20:00,,25/06/2026,,3/07/2026,8,4,20,13,202607,RYS 202606,,,
CLARO PERU,RECLUTAMIENTO,CLARO POSTPAGO,GPE-2026044-3,SEM 24,REMOTO,PART TIME,EN CURSO,12/6/26,202606,16:00-20:00,,25/06/2026,,3/07/2026,7,"3,5",17,11,202607,RYS 202606,,,
CLARO PERU RETENCIONES,RECLUTAMIENTO,CONTACTADOS,GPE-2026040,SEM 24,REMOTO,FULL TIME,EN CURSO,12/6/26,202606,,,27/06/2026,,4/07/2026,15,15,37,25,202607,RYS 202606,,,
CLARO PERU RETENCIONES,RECLUTAMIENTO,PREVENTIVA - OUT,GPE-2026003,SEM 24,REMOTO,FULL TIME,EN CURSO,12/6/26,202606,,,27/06/2026,,4/07/2026,10,10,25,16,202607,RYS 202606,,,
CLARO PERU RETENCIONES,RECLUTAMIENTO,RETENCIONES INBOUND,GPE-2026030,SEM 24,REMOTO,FULL TIME,EN CURSO,13/6/26,202606,,-1 dias,27/06/2026,,4/07/2026,17,17,42,28,202607,RYS 202606,,,
CLARO CHILE,RECLUTAMIENTO,POSTPAGO,GPE-2026031,SEM 24,PRESENCIAL,FULL TIME,EN CURSO,13/6/26,202606,,,26/06/2026,,4/07/2026,7,7,12,10,202607,RYS 202606,,,
CLARO PERU RETENCIONES,RECLUTAMIENTO,MI CLARO,GPE-2026004,SEM 24,PRESENCIAL,FULL TIME,EN CURSO,13/6/26,202606,,-1 dias,27/06/2026,,4/07/2026,9,9,22,15,202607,RYS 202606,,,
CLARO PERU,RECLUTAMIENTO,RETENCIONES FIJA INBOUND,GPE-2026003,SEM 24,PRESENCIAL,FULL TIME,EN CURSO,13/6/26,202606,,,26/06/2026,,3/07/2026,6,6,15,10,202607,RYS 202606,,,
CLARO PERU OUT,RECUPERADO,RENOVACIONES ESPECIALES - OUT,GPE-2026011,SEM 24,PRESENCIAL,FULL TIME,EN CURSO,13/6/26,202606,,,23/06/2026,,2/07/2026,4,4,13,8,202607,RYS 202606,,,
CLARO CHILE,RECLUTAMIENTO,POSTPAGO,GPE-2026032,SEM 24,REMOTO,FULL TIME,EN CURSO,13/6/26,202606,,,26/06/2026,,4/07/2026,10,10,18,14,202607,RYS 202606,,,
CLARO PERU OUT,RECLUTAMIENTO,UPGRADE,GPE-2026015,SEM 24,REMOTO,FULL TIME,EN CURSO,13/6/26,202606,,,22/06/2026,,1/07/2026,10,10,33,20,202607,RYS 202606,,,
CLARO PERU RETENCIONES,OPERACIONES,CONTACTADOS,GPOP-2026002,SEM 24,REMOTO,FULL TIME,EN CURSO,16/6/26,202606,,-5 dias,25/06/2026,-4 dias,26/06/2026,0,0,0,0,202606,OPE 202606,,,
CLARO PERU,RECLUTAMIENTO,CLARO POSTPAGO,GPE-2026045,SEM 24,PRESENCIAL,FULL TIME,EN CURSO,16/6/26,202606,07:00-17:00,-1 dias,27/06/2026,,6/07/2026,7,7,17,11,202607,RYS 202606,,,
LIPIGAS,RECLUTAMIENTO,LIPIGAS SAC,GPE-2026009,SEM 24,REMOTO,FULL TIME,EN CURSO,16/6/26,202606,,-1 dias,,,30/06/2026,10,10,50,16,202606,RYS 202606,,,
CLARO PERU,CAPACITACIÓN,CLARO POSTPAGO,GPR-2026002,SEM 24,REMOTO,FULL TIME,CERRADO,17/6/26,202606,,-7 dias,22/06/2026,-6 dias,22/06/2026,0,0,0,0,202606,CAP 202606,,,
CLARO PERU,CAPACITACIÓN,CLARO POSTPAGO,GPR-2026003,SEM 24,REMOTO,FULL TIME,CERRADO,17/6/26,202606,,-7 dias,22/06/2026,-6 dias,22/06/2026,0,0,0,0,202606,CAP 202606,,,
CLARO PERU,RECLUTAMIENTO,CLARO POSTPAGO,GPE-2026046,SEM 25,REMOTO,FULL TIME,EN CURSO,19/6/26,202606,13:00-23:00,,3/07/2026,,10/07/2026,18,18,45,30,202607,RYS 202606,,,
CLARO PERU,RECLUTAMIENTO,CLARO POSTPAGO,GPE-2026047,SEM 25,REMOTO,FULL TIME,EN CURSO,19/6/26,202606,14:00-00:00,,3/07/2026,,10/07/2026,18,18,45,30,202607,RYS 202606,,,
CLARO PERU,RECUPERADO,CLARO POSTPAGO,GPR-2026004,SEM 25,REMOTO,FULL TIME,EN CURSO,19/6/26,202606,,-5 dias,26/06/2026,-3 dias,1/07/2026,0,0,0,0,202607,RYS 202606,,,
CLARO PERU,RECLUTAMIENTO,CLARO POSTPAGO,GPE-2026048,SEM 25,PRESENCIAL,FULL TIME,EN CURSO,20/6/26,202606,07:00-17:00,,4/07/2026,,11/07/2026,8,8,20,13,202607,RYS 202606,,,
CLARO PERU,RECUPERADO,CLARO POSTPAGO - CROSS,GPE-2026008-1,SEM 25,REMOTO,FULL TIME,EN CURSO,19/6/26,202606,,,2/07/2026,,7/07/2026,3,3,7,6,202607,RYS 202606,,,
CLARO PERU RETENCIONES,RECLUTAMIENTO,CONTACTADOS,GPE-2026041,SEM 25,REMOTO,FULL TIME,EN CURSO,19/6/26,202606,,,6/07/2026,,11/07/2026,18,18,45,30,202607,RYS 202606,,,
CLARO CHILE,RECUPERADO,CONTENCIÓN,GPE-2026013,SEM 25,PRESENCIAL,FULL TIME,EN CURSO,20/6/26,202606,,,30/06/2026,,4/07/2026,4,4,10,6,202607,RYS 202606,,,
LIPIGAS,CANCELADO,LIPIGAS SAC,GPE-2026010,SEM 25,PRESENCIAL,FULL TIME,CERRADO,20/6/26,202606,,,,,6/07/2026,9,9,0,0,202607,CANCELADO,,,
CLARO PERU OUT,RECUPERADO,MIGRACIONES ESPECIALES - OUT,GPE-2026011,SEM 25,REMOTO,FULL TIME,EN CURSO,20/6/26,202606,,-1 dias,27/06/2026,,7/07/2026,0,0,0,0,202607,RYS 202606,,,
CLARO CHILE,RECLUTAMIENTO,POSTPAGO,GPE-2026033,SEM 25,REMOTO,FULL TIME,EN CURSO,19/6/26,202606,,,3/07/2026,,10/07/2026,10,10,18,14,202607,RYS 202606,,,
CLARO PERU OUT,RECUPERADO,RENOVACIONES ESPECIALES - OUT,GPE-2026012,SEM 25,REMOTO,FULL TIME,EN CURSO,20/6/26,202606,,-1 dias,30/06/2026,,8/07/2026,17,17,56,34,202607,RYS 202606,,,
CLARO PERU,RECLUTAMIENTO,RETENCIONES FIJA INBOUND,GPE-2026004,SEM 25,PRESENCIAL,FULL TIME,EN CURSO,20/6/26,202606,10:00-19:30,,4/07/2026,,10/07/2026,5,5,12,8,202607,RYS 202606,,,
CLARO PERU,RECLUTAMIENTO,RETENCIONES FIJA INBOUND,GPE-2026005,SEM 25,REMOTO,FULL TIME,EN CURSO,20/6/26,202606,06:00-15:00,,4/07/2026,,10/07/2026,2,2,5,3,202607,RYS 202606,,,
CLARO PERU,RECLUTAMIENTO,RETENCIONES FIJA INBOUND,GPE-2026006,SEM 25,REMOTO,FULL TIME,EN CURSO,20/6/26,202606,15:00-00:00,,4/07/2026,,10/07/2026,2,2,5,3,202607,RYS 202606,,,
CLARO PERU RETENCIONES,RECLUTAMIENTO,RETENCIONES INBOUND,GPE-2026031,SEM 25,REMOTO,FULL TIME,EN CURSO,19/6/26,202606,MAÑANA,,6/07/2026,,11/07/2026,8,8,20,13,202607,RYS 202606,,,
CLARO PERU OUT,RECLUTAMIENTO,UPGRADE,GPE-2026016,SEM 25,REMOTO,FULL TIME,EN CURSO,20/6/26,202606,,,30/06/2026,,8/07/2026,12,12,40,24,202607,RYS 202606,,,
LIPIGAS,RECLUTAMIENTO,LIPIGAS TPE,GPE-2026008,SEM 26,REMOTO,FULL TIME,PROYECCIÓN,24/6/26,202606,,,,-2 dias,30/06/2026,30,30,150,75,202606,RYS 202606,,,
CLARO PERU RETENCIONES,RECLUTAMIENTO,CONTACTADOS,GPE-2026042,SEM 26,REMOTO,FULL TIME,PROYECCIÓN,26/6/26,202606,,,13/07/2026,,18/07/2026,18,18,45,30,202607,RYS 202606,,,
CLARO PERU RETENCIONES,RECLUTAMIENTO,CONTACTADOS,GPE-2026043,SEM 26,REMOTO,FULL TIME,PROYECCIÓN,26/6/26,202606,,,13/07/2026,,18/07/2026,18,18,45,30,202607,RYS 202606,,,
CLARO CHILE,RECLUTAMIENTO,POSTPAGO,GPE-2026034,SEM 26,REMOTO,FULL TIME,PROYECCIÓN,26/6/26,202606,,,10/07/2026,,18/07/2026,10,10,18,14,202607,RYS 202606,,,
CLARO PERU,RECLUTAMIENTO,CLARO POSTPAGO,GPE-2026050,SEM 26,REMOTO,FULL TIME,PROYECCIÓN,26/6/26,202606,14:00-00:00,,10/07/2026,,17/07/2026,20,20,50,33,202607,RYS 202606,,,
CLARO PERU RETENCIONES,RECLUTAMIENTO,RETENCIONES INBOUND,GPE-2026032,SEM 26,REMOTO,FULL TIME,PROYECCIÓN,27/6/26,202606,TARDE,,14/07/2026,,20/07/2026,8,8,20,13,202607,RYS 202606,,,
CLARO PERU,RECLUTAMIENTO,CLARO POSTPAGO - CROSS,GPE-2026009,SEM 26,PRESENCIAL,FULL TIME,PROYECCIÓN,27/6/26,202606,,,10/07/2026,,15/07/2026,6,6,15,12,202607,RYS 202606,,,
CLARO CHILE,RECLUTAMIENTO,CONTENCIÓN,GPE-2026014,SEM 26,PRESENCIAL,FULL TIME,PROYECCIÓN,27/6/26,202606,,,7/07/2026,,11/07/2026,7,7,17,11,202607,RYS 202606,,,
CLARO PERU OUT,RECLUTAMIENTO,UPGRADE,GPE-2026017,SEM 26,REMOTO,FULL TIME,PROYECCIÓN,27/6/26,202606,,,7/07/2026,,15/07/2026,12,12,40,24,202607,RYS 202606,,,
CLARO PERU OUT,RECLUTAMIENTO,RENOVACIONES ESPECIALES - OUT,GPE-2026013,SEM 26,REMOTO,FULL TIME,PROYECCIÓN,27/6/26,202606,,,8/07/2026,,16/07/2026,12,12,40,24,202607,RYS 202606,,,
CLARO PERU,RECLUTAMIENTO,CLARO POSTPAGO,GPE-2026051,SEM 26,PRESENCIAL,FULL TIME,PROYECCIÓN,27/6/26,202606,11:00-21:00,,11/07/2026,,18/07/2026,7,7,17,11,202607,RYS 202606,,,
CLARO CHILE,RECLUTAMIENTO,TUVES BIENVENIDA,,SEM 27,REMOTO,FULL TIME,PROYECCIÓN,4/7/26,202607,,,,,11/07/2026,15,15,37,25,202607,RYS 202607,,,
CLARO CHILE,RECLUTAMIENTO,POSTPAGO,,SEM 27,PRESENCIAL,FULL TIME,PROYECCIÓN,4/7/26,202607,,,18/07/2026,,25/07/2026,7,7,12,10,202607,RYS 202607,,,
CLARO PERU,RECLUTAMIENTO,RETENCIONES FIJA INBOUND,,SEM 37,PRESENCIAL,FULL TIME,PROYECCIÓN,12/9/26,202609,,,25/09/2026,,1/10/2026,10,10,25,16,202610,RYS 202609,,,
CLARO PERU,RECLUTAMIENTO,RETENCIONES FIJA INBOUND,,SEM 39,PRESENCIAL,FULL TIME,PROYECCIÓN,26/9/26,202609,,,10/10/2026,,16/10/2026,10,10,25,16,202610,RYS 202609,,,
CLARO PERU OUT,RECLUTAMIENTO,LA FIJA + PORTABILIDAD MOVIL,,SEM 27,PRESENCIAL,FULL TIME,PROYECCIÓN,4/7/26,202607,,,14/07/2026,,22/07/2026,6,6,20,12,202607,RYS 202607,,,
CLARO PERU RETENCIONES,RECLUTAMIENTO,CONTACTADOS,,SEM 27,REMOTO,FULL TIME,PROYECCIÓN,4/7/26,202607,,-1 dias,18/07/2026,,25/07/2026,18,18,45,30,202607,RYS 202607,,,
CLARO PERU RETENCIONES,RECLUTAMIENTO,CONTACTADOS,,SEM 27,REMOTO,FULL TIME,PROYECCIÓN,4/7/26,202607,,-1 dias,18/07/2026,,25/07/2026,18,18,45,30,202607,RYS 202607,,,
CLARO PERU,RECLUTAMIENTO,CLARO POSTPAGO,,SEM 27,PRESENCIAL,FULL TIME,PROYECCIÓN,4/7/26,202607,,,17/07/2026,,25/07/2026,5,5,12,8,202607,RYS 202607,,,
CLARO PERU,RECLUTAMIENTO,CLARO POSTPAGO,,SEM 27,REMOTO,PART TIME,PROYECCIÓN,4/7/26,202607,,,17/07/2026,,25/07/2026,10,5,25,16,202607,RYS 202607,,,
CLARO PERU RETENCIONES,RECLUTAMIENTO,RETENCIONES INBOUND,,SEM 27,REMOTO,FULL TIME,PROYECCIÓN,4/7/26,202607,,,20/07/2026,,27/07/2026,8,8,20,13,202607,RYS 202607,,,
CLARO PERU,RECLUTAMIENTO,RETENCIONES FIJA INBOUND,,SEM 27,REMOTO,FULL TIME,PROYECCIÓN,4/7/26,202607,,,17/07/2026,,24/07/2026,10,10,25,16,202607,RYS 202607,,,
CLARO PERU,RECLUTAMIENTO,CLARO POSTPAGO,,SEM 27,PRESENCIAL,FULL TIME,PROYECCIÓN,6/7/26,202607,,,18/07/2026,,27/07/2026,5,5,12,8,202607,RYS 202607,,,
CLARO PERU RETENCIONES,RECLUTAMIENTO,CONTACTADOS,,SEM 28,REMOTO,FULL TIME,PROYECCIÓN,10/7/26,202607,,,27/07/2026,,4/08/2026,15,15,37,25,202608,RYS 202607,,,
CLARO PERU,RECLUTAMIENTO,CLARO POSTPAGO,,SEM 28,REMOTO,FULL TIME,PROYECCIÓN,10/7/26,202607,,,24/07/2026,,3/08/2026,10,10,25,16,202608,RYS 202607,,,
CLARO PERU,RECLUTAMIENTO,CLARO POSTPAGO,,SEM 28,PRESENCIAL,FULL TIME,PROYECCIÓN,11/7/26,202607,,,25/07/2026,,4/08/2026,5,5,12,8,202608,RYS 202607,,,
LIPIGAS,RECLUTAMIENTO,LIPIGAS SAC,,SEM 28,REMOTO,FULL TIME,PROYECCIÓN,11/7/26,202607,,,,,27/07/2026,12,12,60,20,202607,RYS 202607,,,
CLARO PERU RETENCIONES,RECLUTAMIENTO,CONSULTA PREVIA,,SEM 28,PRESENCIAL,FULL TIME,PROYECCIÓN,11/7/26,202607,,,30/07/2026,,5/08/2026,8,8,20,13,202608,RYS 202607,,,
CLARO CHILE,RECLUTAMIENTO,POSTPAGO,,SEM 28,REMOTO,FULL TIME,PROYECCIÓN,11/7/26,202607,,,25/07/2026,,1/08/2026,12,12,21,17,202608,RYS 202607,,,
CLARO CHILE,RECLUTAMIENTO,POSTPAGO,,SEM 28,PRESENCIAL,FULL TIME,PROYECCIÓN,11/7/26,202607,,,25/07/2026,,1/08/2026,7,7,12,10,202608,RYS 202607,,,
CLARO PERU OUT,RECLUTAMIENTO,RENOVACIONES ESPECIALES - WSP,,SEM 28,REMOTO,FULL TIME,PROYECCIÓN,11/7/26,202607,,,21/07/2026,,1/08/2026,12,12,40,24,202608,RYS 202607,,,
CLARO PERU OUT,RECLUTAMIENTO,UPGRADE,,SEM 28,REMOTO,FULL TIME,PROYECCIÓN,11/7/26,202607,,,20/07/2026,,31/07/2026,12,12,40,24,202607,RYS 202607,,,
CLARO PERU,RECLUTAMIENTO,RETENCIONES FIJA INBOUND,,SEM 28,PRESENCIAL,FULL TIME,PROYECCIÓN,11/7/26,202607,,-1 dias,24/07/2026,,1/08/2026,8,8,20,13,202608,RYS 202607,,,
CLARO PERU OUT,RECLUTAMIENTO,MIGRACIONES ESPECIALES - OUT,,SEM 29,REMOTO,FULL TIME,PROYECCIÓN,17/7/26,202607,,,27/07/2026,,7/08/2026,12,12,40,24,202608,RYS 202607,,,
CLARO PERU OUT,RECLUTAMIENTO,RENOVACIONES ESPECIALES - OUT,,SEM 29,PRESENCIAL,FULL TIME,PROYECCIÓN,18/7/26,202607,,,31/07/2026,,10/08/2026,6,6,20,12,202608,RYS 202607,,,
CLARO PERU RETENCIONES,RECLUTAMIENTO,CONTACTADOS,,SEM 29,REMOTO,FULL TIME,PROYECCIÓN,17/7/26,202607,,,5/08/2026,,12/08/2026,15,15,37,25,202608,RYS 202607,,,
CLARO PERU,RECLUTAMIENTO,CLARO POSTPAGO,,SEM 29,REMOTO,FULL TIME,PROYECCIÓN,17/7/26,202607,,,3/08/2026,,11/08/2026,10,10,25,16,202608,RYS 202607,,,
CLARO CHILE,RECLUTAMIENTO,ANULACIÓN,,SEM 29,PRESENCIAL,FULL TIME,PROYECCIÓN,18/7/26,202607,,,27/07/2026,,31/07/2026,7,7,17,11,202607,RYS 202607,,,
CLARO CHILE,RECLUTAMIENTO,POSTPAGO,,SEM 29,PRESENCIAL,FULL TIME,PROYECCIÓN,18/7/26,202607,,,31/07/2026,,7/08/2026,7,7,12,10,202608,RYS 202607,,,
CLARO PERU RETENCIONES,RECLUTAMIENTO,MI CLARO,,SEM 29,PRESENCIAL,FULL TIME,PROYECCIÓN,18/7/26,202607,,,7/08/2026,,13/08/2026,6,6,15,10,202608,RYS 202607,,,
CLARO PERU RETENCIONES,RECLUTAMIENTO,CONTACTADOS,,SEM 29,PRESENCIAL,FULL TIME,PROYECCIÓN,18/7/26,202607,,,7/08/2026,,13/08/2026,10,10,25,16,202608,RYS 202607,,,
CLARO PERU OUT,RECLUTAMIENTO,RENOVACIONES ESPECIALES - WSP,,SEM 30,REMOTO,FULL TIME,PROYECCIÓN,24/7/26,202607,,,5/08/2026,,14/08/2026,12,12,40,24,202608,RYS 202607,,,
CLARO PERU RETENCIONES,RECLUTAMIENTO,RETENCIONES INBOUND,,SEM 30,REMOTO,FULL TIME,PROYECCIÓN,24/7/26,202607,,,12/08/2026,,18/08/2026,12,12,30,20,202608,RYS 202607,,,
CLARO PERU RETENCIONES,RECLUTAMIENTO,CONTACTADOS,,SEM 30,REMOTO,FULL TIME,PROYECCIÓN,24/7/26,202607,,,12/08/2026,,18/08/2026,15,15,37,25,202608,RYS 202607,,,
CLARO PERU,RECLUTAMIENTO,CLARO POSTPAGO,,SEM 30,REMOTO,FULL TIME,PROYECCIÓN,24/7/26,202607,,,10/08/2026,,17/08/2026,10,10,25,16,202608,RYS 202607,,,
CLARO PERU,RECLUTAMIENTO,CLARO POSTPAGO - CROSS,,SEM 30,REMOTO,FULL TIME,PROYECCIÓN,24/7/26,202607,,,8/08/2026,,13/08/2026,12,12,30,24,202608,RYS 202607,,,
CLARO CHILE,RECLUTAMIENTO,BLINDAJE + BILLSHOCK,,SEM 30,PRESENCIAL,FULL TIME,PROYECCIÓN,25/7/26,202607,,,27/07/2026,,27/07/2026,7,7,17,11,202607,RYS 202607,,,
CLARO CHILE,RECLUTAMIENTO,POSTPAGO,,SEM 30,PRESENCIAL,FULL TIME,PROYECCIÓN,25/7/26,202607,,,7/08/2026,,14/08/2026,7,7,12,10,202608,RYS 202607,,,
CLARO PERU RETENCIONES,RECLUTAMIENTO,MI CLARO,,SEM 30,PRESENCIAL,FULL TIME,PROYECCIÓN,25/7/26,202607,,,13/08/2026,,19/08/2026,8,8,20,13,202608,RYS 202607,,,
CLARO PERU,RECLUTAMIENTO,CLARO POSTPAGO,,SEM 30,PRESENCIAL,FULL TIME,PROYECCIÓN,25/7/26,202607,,,11/08/2026,,18/08/2026,5,5,12,8,202608,RYS 202607,,,
CLARO PERU RETENCIONES,RECLUTAMIENTO,CONTACTADOS,,SEM 31,PRESENCIAL,FULL TIME,PROYECCIÓN,3/8/26,202608,,-1 dias,18/08/2026,,24/08/2026,8,8,20,13,202608,RYS 202608,,,
CLARO PERU OUT,RECLUTAMIENTO,RENOVACIONES ESPECIALES - WSP,,SEM 31,PRESENCIAL,FULL TIME,PROYECCIÓN,3/8/26,202608,,-1 dias,12/08/2026,,20/08/2026,6,6,20,12,202608,RYS 202608,,,
CLARO CHILE,RECLUTAMIENTO,POSTPAGO,,SEM 31,REMOTO,FULL TIME,PROYECCIÓN,3/8/26,202608,,-1 dias,14/08/2026,,22/08/2026,12,12,21,17,202608,RYS 202608,,,
CLARO PERU,RECLUTAMIENTO,CLARO POSTPAGO,,SEM 31,REMOTO,FULL TIME,PROYECCIÓN,3/8/26,202608,,-1 dias,15/08/2026,,22/08/2026,10,10,25,16,202608,RYS 202608,,,
CLARO PERU,RECLUTAMIENTO,RETENCIONES FIJA INBOUND,,SEM 31,PRESENCIAL,FULL TIME,PROYECCIÓN,3/8/26,202608,,-1 dias,15/08/2026,,21/08/2026,7,7,17,11,202608,RYS 202608,,,
CLARO PERU RETENCIONES,RECLUTAMIENTO,CONTACTADOS,,SEM 31,REMOTO,FULL TIME,PROYECCIÓN,3/8/26,202608,,-1 dias,18/08/2026,,24/08/2026,15,15,37,25,202608,RYS 202608,,,
CLARO PERU OUT,RECLUTAMIENTO,MIGRACIONES ESPECIALES - OUT,,SEM 32,REMOTO,FULL TIME,PROYECCIÓN,8/8/26,202608,,-1 dias,15/08/2026,,24/08/2026,12,12,40,24,202608,RYS 202608,,,
CLARO PERU RETENCIONES,RECLUTAMIENTO,PREVENTIVA - OUT,,SEM 32,REMOTO,FULL TIME,PROYECCIÓN,7/8/26,202608,,-1 dias,21/08/2026,,27/08/2026,10,10,25,16,202608,RYS 202608,,,
CLARO CHILE,RECLUTAMIENTO,TUVES FRONT,,SEM 32,PRESENCIAL,FULL TIME,PROYECCIÓN,8/8/26,202608,,,,,17/08/2026,7,7,17,11,202608,RYS 202608,,,
CLARO CHILE,RECLUTAMIENTO,POSTPAGO,,SEM 32,PRESENCIAL,FULL TIME,PROYECCIÓN,8/8/26,202608,,,22/08/2026,,29/08/2026,7,7,12,10,202608,RYS 202608,,,
CLARO PERU OUT,RECLUTAMIENTO,LA FIJA + PORTABILIDAD MOVIL,,SEM 32,REMOTO,FULL TIME,PROYECCIÓN,7/8/26,202608,,,17/08/2026,,25/08/2026,6,6,20,12,202608,RYS 202608,,,
CLARO PERU OUT,RECLUTAMIENTO,RENOVACIONES ESPECIALES - WSP,,SEM 32,REMOTO,FULL TIME,PROYECCIÓN,7/8/26,202608,,,17/08/2026,,25/08/2026,12,12,40,24,202608,RYS 202608,,,
CLARO PERU,RECLUTAMIENTO,CLARO POSTPAGO,,SEM 32,PRESENCIAL,FULL TIME,PROYECCIÓN,8/8/26,202608,,,21/08/2026,,28/08/2026,5,5,12,8,202608,RYS 202608,,,
CLARO PERU,RECLUTAMIENTO,CLARO POSTPAGO,,SEM 32,REMOTO,FULL TIME,PROYECCIÓN,7/8/26,202608,,,20/08/2026,,27/08/2026,10,10,25,16,202608,RYS 202608,,,
CLARO PERU RETENCIONES,RECLUTAMIENTO,CONTACTADOS,,SEM 32,REMOTO,FULL TIME,PROYECCIÓN,8/8/26,202608,,,24/08/2026,,29/08/2026,15,15,37,25,202608,RYS 202608,,,
CLARO PERU RETENCIONES,RECLUTAMIENTO,CONTACTADOS,,SEM 32,REMOTO,FULL TIME,PROYECCIÓN,7/8/26,202608,,,22/08/2026,,28/08/2026,15,15,37,25,202608,RYS 202608,,,
LIPIGAS,RECLUTAMIENTO,LIPIGAS SAC,,SEM 32,REMOTO,FULL TIME,PROYECCIÓN,10/8/26,202608,,-1 dias,,,22/08/2026,7,7,35,11,202608,RYS 202608,,,
CLARO PERU,RECLUTAMIENTO,RETENCIONES FIJA INBOUND,,SEM 33,PRESENCIAL,FULL TIME,PROYECCIÓN,15/8/26,202608,,,28/08/2026,,3/09/2026,10,10,25,16,202609,RYS 202608,,,
CLARO PERU,RECLUTAMIENTO,RETENCIONES FIJA INBOUND,,SEM 33,PRESENCIAL,FULL TIME,PROYECCIÓN,15/8/26,202608,,,28/08/2026,,3/09/2026,10,10,25,16,202609,RYS 202608,,,
CLARO PERU,RECLUTAMIENTO,RETENCIONES FIJA INBOUND,,SEM 35,PRESENCIAL,FULL TIME,PROYECCIÓN,29/8/26,202608,,,11/09/2026,,17/09/2026,10,10,25,16,202609,RYS 202608,,,
LIPIGAS,OPERACIONES,LIMAGAS,GPOP-2026001,SEM 23,REMOTO,FULL TIME,CERRADO,10/6/26,202606,,2 dias,22/06/2026,,22/06/2026,0,0,0,0,202606,OPE 202606,,,
CLARO PERU,RECLUTAMIENTO,RETENCIONES FIJA INBOUND,,SEM 35,PRESENCIAL,FULL TIME,PROYECCIÓN,29/8/26,202608,,,11/09/2026,,17/09/2026,10,10,25,16,202609,RYS 202608,,,
CLARO PERU RETENCIONES,,MI CLARO,,SEM 26,,,PROYECCIÓN,29/6/26,202606,,,14/07/2026,,20/07/2026,,,,,202607,,,,